date,year,month,day_of_week,is_weekend,is_holiday_fr,visits_count,admissions_count,lwbs_count,avg_wait_time,avg_los_ed,beds_total,beds_occupied,icu_beds_total,icu_beds_occupied,staff_doctors_available,staff_nurses_available,staff_absence_rate,ppe_stock_index,critical_stockout,flu_level,bronchiolitis_level,covid_level,heatwave,strike,mass_casualty_event
2022-01-01,2022,1,5,1,1,89,21,5,85.6,221.9,1800,1547,120,90,22,59,0.111,85,0,0.0,0.0,0.258,0,0,0
2022-01-02,2022,1,6,1,0,80,26,2,75.2,211.8,1800,1508,120,100,33,87,0.093,84,0,0.0,0.0,0.281,0,0,0
2022-01-03,2022,1,0,0,0,93,22,4,74.8,203.8,1800,1586,120,98,41,109,0.095,87,0,0.0,0.0,0.305,0,0,0
2022-01-04,2022,1,1,0,0,88,23,1,49.9,157.5,1800,1508,120,99,40,106,0.115,87,0,0.0,0.0,0.33,0,0,0
2022-01-05,2022,1,2,0,0,70,19,1,54.4,155.5,1800,1610,120,111,40,107,0.112,86,0,0.0,0.0,0.356,0,0,0
2022-01-06,2022,1,3,0,0,71,24,2,60.7,188.1,1800,1509,120,92,40,107,0.104,74,0,0.0,0.0,0.382,0,0,0
2022-01-07,2022,1,4,0,0,80,24,3,49.7,153.2,1800,1544,120,100,42,113,0.061,85,0,0.0,0.0,0.409,0,0,0
2022-01-08,2022,1,5,1,0,84,21,5,80.0,204.1,1800,1542,120,103,33,89,0.077,84,0,0.0,0.0,0.436,0,0,0
2022-01-09,2022,1,6,1,0,86,28,2,97.3,194.7,1800,1649,120,97,33,89,0.071,85,0,0.0,0.0,0.462,0,0,0
2022-01-10,2022,1,0,0,0,91,28,2,80.2,178.3,1800,1618,120,105,40,106,0.116,74,0,0.294,0.0,0.488,0,0,0
2022-01-11,2022,1,1,0,0,92,31,2,68.1,167.5,1800,1592,120,96,40,107,0.106,73,0,0.319,0.0,0.514,0,0,0
2022-01-12,2022,1,2,0,0,86,28,6,64.6,187.3,1800,1633,120,115,42,111,0.076,84,0,0.344,0.0,0.539,0,0,0
2022-01-13,2022,1,3,0,0,80,21,4,67.3,200.3,1800,1496,120,104,40,108,0.102,73,0,0.37,0.0,0.563,0,0,0
2022-01-14,2022,1,4,0,0,88,30,1,69.0,192.1,1800,1610,120,118,42,111,0.077,75,0,0.397,0.0,0.586,0,0,0
2022-01-15,2022,1,5,1,0,93,26,3,107.3,244.5,1800,1724,120,109,32,86,0.107,76,0,0.425,0.0,0.607,0,0,0
2022-01-16,2022,1,6,1,0,87,32,1,94.3,220.8,1800,1626,120,116,33,89,0.076,70,0,0.452,0.0,0.626,0,0,0
2022-01-17,2022,1,0,0,0,100,31,1,75.4,197.4,1800,1626,120,111,40,105,0.121,68,0,0.48,0.0,0.644,0,0,0
2022-01-18,2022,1,1,0,0,87,27,2,85.0,217.3,1800,1654,120,111,40,106,0.12,82,0,0.508,0.0,0.659,0,0,0
2022-01-19,2022,1,2,0,0,89,27,2,64.6,198.6,1800,1676,120,109,38,102,0.151,80,0,0.536,0.0,0.673,0,0,0
2022-01-20,2022,1,3,0,0,83,23,4,75.9,181.9,1800,1522,120,113,39,104,0.131,80,0,0.564,0.0,0.683,0,0,0
2022-01-21,2022,1,4,0,0,85,26,2,85.5,201.0,1800,1542,120,115,40,107,0.107,69,0,0.591,0.0,0.691,0,0,0
2022-01-22,2022,1,5,1,0,90,30,2,99.4,216.7,1800,1646,120,109,31,83,0.133,68,0,0.617,0.0,0.697,0,0,0
2022-01-23,2022,1,6,1,0,100,37,3,80.6,220.6,1800,1598,120,113,33,87,0.089,70,0,0.642,0.0,0.7,0,0,0
2022-01-24,2022,1,0,0,0,99,32,1,69.1,189.7,1800,1709,120,110,41,108,0.099,70,0,0.666,0.0,0.7,0,0,0
2022-01-25,2022,1,1,0,0,91,40,3,71.3,195.9,1800,1623,120,118,39,105,0.125,63,0,0.688,0.0,0.697,0,0,0
2022-01-26,2022,1,2,0,0,85,21,3,70.1,178.6,1800,1536,120,114,42,111,0.076,74,0,0.709,0.0,0.691,0,0,0
2022-01-27,2022,1,3,0,0,86,31,2,68.7,180.5,1800,1573,120,118,40,106,0.119,77,0,0.728,0.0,0.683,0,0,0
2022-01-28,2022,1,4,0,0,89,33,0,65.0,168.4,1800,1494,120,113,41,108,0.1,70,0,0.746,0.0,0.673,0,0,0
2022-01-29,2022,1,5,1,0,97,36,5,71.7,204.5,1800,1630,120,115,32,84,0.122,67,0,0.761,0.0,0.659,0,0,0
2022-01-30,2022,1,6,1,0,97,32,3,71.6,198.6,1800,1633,120,106,32,87,0.099,67,0,0.773,0.0,0.644,0,0,0
2022-01-31,2022,1,0,0,0,112,37,3,76.4,198.5,1800,1620,120,111,39,105,0.129,62,0,0.784,0.0,0.626,0,0,0
2022-02-01,2022,2,1,0,0,88,20,2,75.7,226.2,1800,1696,120,114,40,106,0.12,65,0,0.792,0.0,0.607,0,0,0
2022-02-02,2022,2,2,0,0,82,18,0,67.5,194.7,1800,1702,120,118,38,102,0.148,68,0,0.797,0.0,0.586,0,0,0
2022-02-03,2022,2,3,0,0,78,26,3,74.2,188.4,1800,1627,120,113,40,106,0.119,67,0,0.8,0.0,0.563,0,0,0
2022-02-04,2022,2,4,0,0,86,27,2,81.8,182.3,1800,1519,120,118,40,108,0.103,69,0,0.8,0.0,0.539,0,0,0
2022-02-05,2022,2,5,1,0,95,21,9,84.2,228.4,1800,1666,120,114,32,85,0.113,73,0,0.797,0.0,0.514,0,0,0
2022-02-06,2022,2,6,1,0,89,19,1,83.5,234.8,1800,1661,120,118,33,87,0.09,64,0,0.792,0.0,0.488,0,0,0
2022-02-07,2022,2,0,0,0,92,31,4,76.6,199.9,1800,1646,120,109,39,105,0.124,61,0,0.784,0.0,0.462,0,0,0
2022-02-08,2022,2,1,0,0,84,22,6,75.1,194.8,1800,1680,120,118,39,105,0.127,61,0,0.773,0.0,0.436,0,0,0
2022-02-09,2022,2,2,0,0,85,34,1,73.6,191.8,1800,1562,120,105,38,100,0.164,63,0,0.761,0.0,0.409,0,0,0
2022-02-10,2022,2,3,0,0,82,25,2,87.5,227.7,1800,1731,120,102,40,108,0.101,69,0,0.746,0.0,0.382,0,0,0
2022-02-11,2022,2,4,0,0,83,23,2,59.5,187.5,1800,1568,120,99,40,107,0.106,73,0,0.728,0.0,0.356,0,0,0
2022-02-12,2022,2,5,1,0,85,22,7,114.0,217.8,1800,1657,120,118,32,86,0.099,75,0,0.709,0.0,0.33,0,0,0
2022-02-13,2022,2,6,1,0,89,19,5,101.9,208.4,1800,1523,120,109,32,85,0.114,71,0,0.688,0.0,0.305,0,0,0
2022-02-14,2022,2,0,0,0,94,26,1,74.0,179.0,1800,1561,120,101,40,106,0.116,68,0,0.666,0.0,0.281,0,0,0
2022-02-15,2022,2,1,0,0,87,22,1,54.9,188.9,1800,1690,120,110,40,107,0.106,65,0,0.642,0.0,0.258,0,0,0
2022-02-16,2022,2,2,0,0,81,22,3,75.7,183.3,1800,1578,120,100,40,105,0.121,69,0,0.617,0.0,0.0,0,0,0
2022-02-17,2022,2,3,0,0,76,30,0,79.1,199.0,1800,1636,120,107,41,110,0.087,68,0,0.591,0.0,0.0,0,0,0
2022-02-18,2022,2,4,0,0,81,12,7,94.1,213.1,1800,1601,120,86,40,106,0.118,77,0,0.564,0.0,0.0,0,0,0
2022-02-19,2022,2,5,1,0,84,25,3,96.3,214.8,1800,1581,120,94,32,86,0.108,72,0,0.536,0.0,0.0,0,0,0
2022-02-20,2022,2,6,1,0,85,18,3,85.9,200.9,1800,1658,120,92,33,87,0.096,68,0,0.508,0.0,0.0,0,0,0
2022-02-21,2022,2,0,0,0,92,31,2,66.6,161.1,1800,1570,120,83,41,109,0.089,70,0,0.48,0.0,0.0,0,0,0
2022-02-22,2022,2,1,0,0,76,31,0,53.2,163.1,1800,1484,120,101,39,103,0.143,68,0,0.452,0.0,0.0,0,0,0
2022-02-23,2022,2,2,0,0,75,19,4,57.8,165.3,1800,1535,120,92,42,111,0.077,80,0,0.425,0.0,0.0,0,0,0
2022-02-24,2022,2,3,0,0,72,20,3,73.8,176.4,1800,1606,120,98,41,108,0.099,68,0,0.397,0.0,0.0,0,0,0
2022-02-25,2022,2,4,0,0,74,17,1,63.8,197.1,1800,1596,120,108,42,111,0.077,68,0,0.37,0.0,0.0,0,0,0
2022-02-26,2022,2,5,1,0,81,17,1,77.0,164.1,1800,1488,120,91,31,84,0.127,71,0,0.344,0.0,0.0,0,0,0
2022-02-27,2022,2,6,1,0,88,22,3,66.5,184.6,1800,1532,120,91,32,86,0.108,81,0,0.319,0.0,0.0,0,0,0
2022-02-28,2022,2,0,0,0,83,19,1,72.9,185.8,1800,1538,120,94,42,111,0.076,77,0,0.294,0.0,0.0,0,0,0
2022-03-01,2022,3,1,0,0,71,22,1,59.0,172.8,1800,1515,120,96,41,109,0.09,79,0,0.0,0.0,0.0,0,0,0
2022-03-02,2022,3,2,0,0,59,23,2,54.4,152.2,1800,1460,120,87,41,110,0.085,76,0,0.0,0.0,0.0,0,0,0
2022-03-03,2022,3,3,0,0,61,18,1,53.3,144.4,1800,1501,120,86,42,112,0.07,72,0,0.0,0.0,0.0,0,0,0
2022-03-04,2022,3,4,0,0,65,21,3,58.8,174.2,1800,1495,120,96,41,109,0.095,84,0,0.0,0.0,0.0,0,0,0
2022-03-05,2022,3,5,1,0,71,22,4,65.3,171.4,1800,1576,120,92,33,88,0.088,75,0,0.0,0.0,0.0,0,0,0
2022-03-06,2022,3,6,1,0,70,18,0,59.8,187.8,1800,1578,120,78,33,88,0.084,73,0,0.0,0.0,0.0,0,0,0
2022-03-07,2022,3,0,0,0,77,20,3,45.2,154.1,1800,1527,120,83,41,111,0.079,81,0,0.0,0.0,0.0,0,0,0
2022-03-08,2022,3,1,0,0,67,27,1,56.7,168.2,1800,1513,120,99,41,109,0.089,74,0,0.0,0.0,0.0,0,0,0
2022-03-09,2022,3,2,0,0,63,19,0,46.6,167.9,1800,1542,120,92,41,110,0.085,75,0,0.0,0.0,0.0,0,0,0
2022-03-10,2022,3,3,0,0,65,16,2,66.0,183.2,1800,1490,120,85,41,110,0.081,86,0,0.0,0.0,0.0,0,0,0
2022-03-11,2022,3,4,0,0,63,14,0,55.5,191.4,1800,1473,120,89,42,112,0.067,82,0,0.0,0.0,0.0,0,0,0
2022-03-12,2022,3,5,1,0,65,17,1,76.4,173.0,1800,1484,120,90,32,85,0.114,78,0,0.0,0.0,0.0,0,0,0
2022-03-13,2022,3,6,1,0,65,19,1,72.0,173.9,1800,1500,120,94,34,90,0.059,80,0,0.0,0.0,0.0,0,0,0
2022-03-14,2022,3,0,0,0,71,27,1,49.7,149.1,1800,1472,120,82,41,109,0.089,86,0,0.0,0.0,0.0,0,0,0
2022-03-15,2022,3,1,0,0,70,16,2,66.7,175.7,1800,1543,120,85,42,111,0.074,76,0,0.0,0.0,0.0,0,0,0
2022-03-16,2022,3,2,0,0,64,22,3,86.4,229.8,1800,1574,120,92,40,106,0.115,77,0,0.0,0.0,0.0,0,0,0
2022-03-17,2022,3,3,0,0,64,20,1,62.9,161.0,1800,1449,120,89,42,113,0.062,84,0,0.0,0.0,0.0,0,0,0
2022-03-18,2022,3,4,0,0,63,17,6,72.1,192.8,1800,1536,120,93,42,112,0.065,84,0,0.0,0.0,0.0,0,0,0
2022-03-19,2022,3,5,1,0,70,24,2,77.6,219.7,1800,1523,120,83,34,90,0.061,90,0,0.0,0.0,0.0,0,0,0
2022-03-20,2022,3,6,1,0,71,13,4,76.4,181.7,1800,1553,120,92,33,88,0.086,81,0,0.0,0.0,0.0,0,0,0
2022-03-21,2022,3,0,0,0,73,18,4,65.8,147.2,1800,1534,120,97,43,114,0.053,76,0,0.0,0.0,0.0,0,0,0
2022-03-22,2022,3,1,0,0,70,28,2,65.3,188.8,1800,1456,120,93,42,112,0.07,83,0,0.0,0.0,0.0,0,0,0
2022-03-23,2022,3,2,0,0,62,24,1,60.9,162.2,1800,1466,120,91,43,116,0.037,85,0,0.0,0.0,0.0,0,0,0
2022-03-24,2022,3,3,0,0,61,20,2,58.9,179.3,1800,1536,120,89,41,110,0.085,77,0,0.0,0.0,0.0,0,0,0
2022-03-25,2022,3,4,0,0,63,28,2,61.8,231.1,1800,1590,120,85,42,112,0.07,83,0,0.0,0.0,0.0,0,0,0
2022-03-26,2022,3,5,1,0,65,16,2,69.9,191.9,1800,1415,120,90,34,91,0.05,78,0,0.0,0.0,0.0,0,0,0
2022-03-27,2022,3,6,1,0,71,25,5,75.5,204.5,1800,1553,120,98,32,86,0.102,88,0,0.0,0.0,0.0,0,0,0
2022-03-28,2022,3,0,0,0,72,26,2,68.7,160.1,1800,1599,120,89,43,114,0.054,88,0,0.0,0.0,0.0,0,0,0
2022-03-29,2022,3,1,0,0,68,25,1,64.2,189.0,1800,1526,120,85,41,108,0.096,81,0,0.0,0.0,0.0,0,0,0
2022-03-30,2022,3,2,0,0,66,21,6,51.5,164.1,1800,1564,120,87,42,112,0.066,90,0,0.0,0.0,0.0,0,0,0
2022-03-31,2022,3,3,0,0,63,24,1,52.4,186.5,1800,1497,120,91,40,107,0.112,90,0,0.0,0.0,0.0,0,0,0
2022-04-01,2022,4,4,0,0,60,20,5,59.8,187.9,1800,1519,120,88,41,109,0.095,77,0,0.0,0.0,0.0,0,0,0
2022-04-02,2022,4,5,1,0,62,15,1,53.3,161.4,1800,1438,120,93,34,90,0.06,81,0,0.0,0.0,0.0,0,0,0
2022-04-03,2022,4,6,1,0,61,21,0,71.1,182.3,1800,1399,120,93,34,90,0.062,84,0,0.0,0.0,0.0,0,0,0
2022-04-04,2022,4,0,0,0,67,14,1,62.8,173.2,1800,1576,120,95,41,109,0.092,76,0,0.0,0.0,0.0,0,0,0
2022-04-05,2022,4,1,0,0,57,19,0,53.5,132.5,1800,1472,120,99,42,111,0.075,81,0,0.0,0.0,0.0,0,0,0
2022-04-06,2022,4,2,0,0,54,16,0,61.9,157.2,1800,1501,120,96,42,111,0.077,79,0,0.0,0.0,0.0,0,0,0
2022-04-07,2022,4,3,0,0,52,15,2,51.3,143.1,1800,1451,120,84,40,107,0.105,89,0,0.0,0.0,0.0,0,0,0
2022-04-08,2022,4,4,0,0,55,18,0,58.9,149.2,1800,1449,120,85,42,112,0.065,81,0,0.0,0.0,0.0,0,0,0
2022-04-09,2022,4,5,1,0,63,18,1,71.1,185.0,1800,1516,120,90,33,88,0.082,86,0,0.0,0.0,0.0,0,0,0
2022-04-10,2022,4,6,1,0,59,17,4,72.8,200.6,1800,1486,120,87,32,86,0.099,81,0,0.0,0.0,0.0,0,0,0
2022-04-11,2022,4,0,0,0,66,25,1,62.5,182.0,1800,1546,120,83,41,108,0.096,77,0,0.0,0.0,0.0,0,0,0
2022-04-12,2022,4,1,0,0,66,12,0,53.6,132.3,1800,1550,120,87,42,111,0.077,88,0,0.0,0.0,0.0,0,0,0
2022-04-13,2022,4,2,0,0,57,7,4,47.9,171.1,1800,1543,120,87,42,111,0.074,75,0,0.0,0.0,0.0,0,0,0
2022-04-14,2022,4,3,0,0,58,21,0,58.0,166.7,1800,1538,120,86,43,115,0.045,76,0,0.0,0.0,0.0,0,0,0
2022-04-15,2022,4,4,0,0,55,14,2,56.5,195.6,1800,1611,120,88,42,113,0.059,80,0,0.0,0.0,0.0,0,0,0
2022-04-16,2022,4,5,1,0,61,16,3,64.0,186.2,1800,1468,120,97,33,88,0.086,85,0,0.0,0.0,0.0,0,0,0
2022-04-17,2022,4,6,1,0,59,16,3,69.6,193.2,1800,1523,120,91,33,89,0.077,80,0,0.0,0.0,0.0,0,0,0
2022-04-18,2022,4,0,0,1,69,24,0,64.8,170.2,1800,1587,120,105,31,83,0.081,76,0,0.0,0.0,0.0,0,0,0
2022-04-19,2022,4,1,0,0,65,16,0,66.3,207.3,1800,1594,120,91,40,108,0.101,80,0,0.0,0.0,0.0,0,0,0
2022-04-20,2022,4,2,0,0,53,14,4,61.4,184.5,1800,1449,120,88,42,113,0.056,79,0,0.0,0.0,0.0,0,0,0
2022-04-21,2022,4,3,0,0,57,15,0,56.7,166.1,1800,1509,120,90,42,111,0.075,75,0,0.0,0.0,0.0,0,0,0
2022-04-22,2022,4,4,0,0,59,17,0,73.4,176.4,1800,1599,120,92,41,110,0.084,83,0,0.0,0.0,0.0,0,0,0
2022-04-23,2022,4,5,1,0,60,22,4,75.8,178.7,1800,1553,120,93,34,90,0.066,77,0,0.0,0.0,0.0,0,0,0
2022-04-24,2022,4,6,1,0,58,21,4,103.0,217.5,1800,1536,120,102,32,86,0.109,79,0,0.0,0.0,0.0,0,0,0
2022-04-25,2022,4,0,0,0,67,15,0,53.8,213.7,1800,1514,120,85,41,108,0.098,85,0,0.0,0.0,0.0,0,0,0
2022-04-26,2022,4,1,0,0,60,15,2,57.0,143.5,1800,1505,120,95,41,110,0.086,86,0,0.0,0.0,0.0,0,0,0
2022-04-27,2022,4,2,0,0,59,17,1,56.2,180.6,1800,1541,120,91,40,106,0.116,79,0,0.0,0.0,0.0,0,0,0
2022-04-28,2022,4,3,0,0,56,21,2,53.6,150.3,1800,1512,120,81,43,114,0.05,80,0,0.0,0.0,0.0,0,0,0
2022-04-29,2022,4,4,0,0,63,21,0,55.6,148.1,1800,1523,120,95,41,110,0.08,79,0,0.0,0.0,0.0,0,0,0
2022-04-30,2022,4,5,1,0,61,18,0,89.6,207.0,1800,1530,120,98,33,88,0.087,89,0,0.0,0.0,0.0,0,0,0
2022-05-01,2022,5,6,1,1,59,21,0,78.7,222.2,1800,1484,120,85,23,62,0.062,78,0,0.0,0.0,0.0,0,0,0
2022-05-02,2022,5,0,0,0,64,21,1,70.9,206.3,1800,1550,120,90,41,110,0.086,78,0,0.0,0.0,0.0,0,0,0
2022-05-03,2022,5,1,0,0,60,13,1,67.1,210.9,1800,1678,120,80,42,113,0.058,82,0,0.0,0.0,0.0,0,0,0
2022-05-04,2022,5,2,0,0,59,20,1,58.6,151.5,1800,1425,120,82,41,109,0.094,78,0,0.0,0.0,0.0,0,0,0
2022-05-05,2022,5,3,0,0,55,21,1,73.4,193.6,1800,1538,120,96,40,108,0.101,77,0,0.0,0.0,0.0,0,0,0
2022-05-06,2022,5,4,0,0,56,17,1,62.1,160.0,1800,1480,120,87,41,110,0.085,76,0,0.0,0.0,0.0,0,0,0
2022-05-07,2022,5,5,1,0,63,17,4,68.5,199.0,1800,1552,120,83,34,92,0.043,85,0,0.0,0.0,0.0,0,0,0
2022-05-08,2022,5,6,1,1,58,17,2,80.5,192.7,1800,1524,120,91,23,62,0.061,84,0,0.0,0.0,0.0,0,0,0
2022-05-09,2022,5,0,0,0,61,23,2,45.3,156.1,1800,1562,120,87,41,109,0.091,85,0,0.0,0.0,0.0,0,0,0
2022-05-10,2022,5,1,0,0,56,15,1,63.9,185.9,1800,1584,120,87,41,110,0.08,87,0,0.0,0.0,0.0,0,0,0
2022-05-11,2022,5,2,0,0,54,14,3,66.6,157.6,1800,1531,120,94,44,117,0.026,80,0,0.0,0.0,0.0,0,0,0
2022-05-12,2022,5,3,0,0,49,13,3,61.0,157.4,1800,1582,120,83,40,107,0.105,89,0,0.0,0.0,0.0,0,0,0
2022-05-13,2022,5,4,0,0,57,20,1,50.4,164.2,1800,1394,120,85,41,110,0.083,86,0,0.0,0.0,0.0,0,0,0
2022-05-14,2022,5,5,1,0,58,16,1,72.4,199.1,1800,1607,120,91,34,90,0.064,87,0,0.0,0.0,0.0,0,0,0
2022-05-15,2022,5,6,1,0,55,13,4,89.7,219.9,1800,1541,120,96,32,86,0.1,86,0,0.0,0.0,0.0,0,0,0
2022-05-16,2022,5,0,0,0,60,23,2,66.2,174.0,1800,1579,120,97,42,112,0.066,80,0,0.0,0.0,0.0,0,0,0
2022-05-17,2022,5,1,0,0,60,18,5,50.9,153.0,1800,1455,120,86,42,112,0.066,79,0,0.0,0.0,0.0,0,0,0
2022-05-18,2022,5,2,0,0,57,18,2,58.4,149.3,1800,1476,120,96,41,110,0.087,81,0,0.0,0.0,0.0,0,0,0
2022-05-19,2022,5,3,0,0,58,23,1,69.8,184.0,1800,1529,120,85,40,106,0.116,76,0,0.0,0.0,0.0,0,0,0
2022-05-20,2022,5,4,0,0,63,21,2,53.1,171.1,1800,1520,120,101,40,107,0.112,82,0,0.0,0.0,0.0,0,0,0
2022-05-21,2022,5,5,1,0,60,17,1,71.2,178.2,1800,1536,120,83,33,88,0.087,76,0,0.0,0.0,0.0,0,0,0
2022-05-22,2022,5,6,1,0,55,10,4,83.6,171.8,1800,1580,120,98,33,87,0.089,75,0,0.0,0.0,0.0,0,0,0
2022-05-23,2022,5,0,0,0,56,19,1,62.8,145.9,1800,1426,120,86,41,109,0.096,89,0,0.0,0.0,0.0,0,0,0
2022-05-24,2022,5,1,0,0,60,12,4,68.8,194.6,1800,1574,120,102,43,113,0.055,85,0,0.0,0.0,0.0,0,0,0
2022-05-25,2022,5,2,0,0,53,16,1,70.2,198.7,1800,1521,120,94,41,109,0.093,83,0,0.0,0.0,0.0,0,0,0
2022-05-26,2022,5,3,0,1,54,17,1,79.8,196.1,1800,1510,120,84,32,84,0.065,80,0,0.0,0.0,0.0,0,0,0
2022-05-27,2022,5,4,0,0,53,18,1,60.6,154.0,1800,1442,120,87,41,110,0.086,84,0,0.0,0.0,0.0,0,0,0
2022-05-28,2022,5,5,1,0,59,14,5,60.1,151.6,1800,1548,120,95,33,89,0.075,88,0,0.0,0.0,0.0,0,0,0
2022-05-29,2022,5,6,1,0,62,16,1,57.4,166.9,1800,1391,120,96,33,87,0.09,85,0,0.0,0.0,0.0,0,0,0
2022-05-30,2022,5,0,0,0,63,16,1,53.7,173.0,1800,1556,120,90,41,110,0.082,84,0,0.0,0.0,0.0,0,0,0
2022-05-31,2022,5,1,0,0,59,15,0,59.1,178.3,1800,1440,120,90,44,118,0.019,82,0,0.0,0.0,0.0,0,0,0
2022-06-01,2022,6,2,0,0,49,18,0,44.4,180.4,1800,1519,120,95,41,110,0.084,80,0,0.0,0.0,0.0,0,0,0
2022-06-02,2022,6,3,0,0,46,17,1,55.6,158.4,1800,1510,120,91,41,109,0.093,85,0,0.0,0.0,0.0,0,0,0
2022-06-03,2022,6,4,0,0,51,13,1,73.2,198.7,1800,1580,120,82,41,109,0.089,90,0,0.0,0.0,0.0,0,0,0
2022-06-04,2022,6,5,1,0,56,19,0,68.2,169.9,1800,1507,120,85,33,89,0.078,81,0,0.0,0.0,0.0,0,0,0
2022-06-05,2022,6,6,1,0,61,14,3,57.2,184.1,1800,1479,120,91,32,85,0.113,81,0,0.0,0.0,0.0,0,0,0
2022-06-06,2022,6,0,0,1,63,12,2,67.6,181.4,1800,1489,120,97,31,82,0.086,81,0,0.0,0.0,0.0,0,0,0
2022-06-07,2022,6,1,0,0,58,16,1,69.3,195.2,1800,1585,120,100,41,109,0.089,81,0,0.0,0.0,0.0,0,0,0
2022-06-08,2022,6,2,0,0,50,15,3,65.6,162.7,1800,1545,120,95,34,90,0.25,90,0,0.0,0.0,0.0,0,1,0
2022-06-09,2022,6,3,0,0,47,10,1,66.9,176.8,1800,1496,120,92,34,92,0.237,86,0,0.0,0.0,0.0,0,1,0
2022-06-10,2022,6,4,0,0,49,11,1,59.4,140.9,1800,1504,120,94,35,95,0.212,80,0,0.0,0.0,0.0,0,1,0
2022-06-11,2022,6,5,1,0,54,23,3,70.8,166.2,1800,1432,120,86,29,79,0.181,81,0,0.0,0.0,0.0,0,1,0
2022-06-12,2022,6,6,1,0,62,13,3,76.9,183.0,1800,1537,120,89,28,75,0.22,81,0,0.0,0.0,0.0,0,1,0
2022-06-13,2022,6,0,0,0,58,15,1,71.6,156.6,1800,1421,120,85,34,91,0.245,76,0,0.0,0.0,0.0,0,1,0
2022-06-14,2022,6,1,0,0,56,20,1,66.2,170.9,1800,1557,120,83,42,111,0.073,83,0,0.0,0.0,0.0,0,0,0
2022-06-15,2022,6,2,0,0,50,6,1,68.5,201.2,1800,1533,120,97,40,108,0.1,87,0,0.0,0.0,0.184,0,0,0
2022-06-16,2022,6,3,0,0,53,21,1,45.5,163.1,1800,1656,120,96,41,109,0.088,85,0,0.0,0.0,0.196,0,0,0
2022-06-17,2022,6,4,0,0,53,16,0,29.6,126.6,1800,1468,120,99,40,107,0.111,78,0,0.0,0.0,0.209,0,0,0
2022-06-18,2022,6,5,1,0,57,13,2,67.9,158.4,1800,1523,120,99,33,88,0.079,85,0,0.0,0.0,0.222,0,0,0
2022-06-19,2022,6,6,1,0,57,19,2,77.8,177.5,1800,1626,120,97,33,87,0.095,85,0,0.0,0.0,0.235,0,0,0
2022-06-20,2022,6,0,0,0,59,13,2,78.7,190.6,1800,1594,120,100,41,108,0.096,78,0,0.0,0.0,0.249,0,0,0
2022-06-21,2022,6,1,0,0,58,19,1,45.3,144.4,1800,1493,120,96,40,106,0.116,83,0,0.0,0.0,0.262,0,0,0
2022-06-22,2022,6,2,0,0,52,18,2,58.2,213.4,1800,1544,120,99,43,114,0.052,83,0,0.0,0.0,0.276,0,0,0
2022-06-23,2022,6,3,0,0,48,10,0,47.9,147.9,1800,1532,120,93,41,111,0.078,86,0,0.0,0.0,0.29,0,0,0
2022-06-24,2022,6,4,0,0,50,13,1,63.4,171.8,1800,1548,120,100,40,107,0.104,75,0,0.0,0.0,0.304,0,0,0
2022-06-25,2022,6,5,1,0,57,15,2,95.2,182.3,1800,1496,120,102,32,85,0.119,76,0,0.0,0.0,0.318,0,0,0
2022-06-26,2022,6,6,1,0,63,17,1,66.3,159.7,1800,1530,120,94,33,87,0.093,80,0,0.0,0.0,0.332,0,0,0
2022-06-27,2022,6,0,0,0,62,14,0,57.0,158.0,1800,1449,120,99,41,110,0.082,73,0,0.0,0.0,0.346,0,0,0
2022-06-28,2022,6,1,0,0,57,15,2,77.5,208.4,1800,1543,120,95,40,108,0.104,79,0,0.0,0.0,0.36,0,0,0
2022-06-29,2022,6,2,0,0,54,15,2,57.2,177.9,1800,1561,120,96,40,107,0.106,84,0,0.0,0.0,0.373,0,0,0
2022-06-30,2022,6,3,0,0,55,16,0,51.1,139.9,1800,1525,120,93,41,110,0.082,75,0,0.0,0.0,0.386,0,0,0
2022-07-01,2022,7,4,0,0,56,18,1,66.3,174.3,1800,1454,120,108,41,108,0.096,79,0,0.0,0.0,0.399,0,0,0
2022-07-02,2022,7,5,1,0,59,12,3,66.2,207.8,1800,1595,120,107,32,85,0.113,87,0,0.0,0.0,0.411,0,0,0
2022-07-03,2022,7,6,1,0,63,13,0,102.5,195.9,1800,1562,120,104,31,84,0.128,80,0,0.0,0.0,0.423,0,0,0
2022-07-04,2022,7,0,0,0,65,19,2,69.4,180.8,1800,1503,120,113,40,107,0.105,79,0,0.0,0.0,0.434,0,0,0
2022-07-05,2022,7,1,0,0,65,20,3,62.0,178.2,1800,1528,120,100,41,109,0.092,80,0,0.0,0.0,0.444,0,0,0
2022-07-06,2022,7,2,0,0,56,15,0,68.1,192.5,1800,1463,120,118,41,109,0.09,74,0,0.0,0.0,0.454,0,0,0
2022-07-07,2022,7,3,0,0,51,17,3,87.0,179.2,1800,1489,120,100,40,108,0.102,74,0,0.0,0.0,0.463,0,0,0
2022-07-08,2022,7,4,0,0,52,14,2,87.3,197.8,1800,1516,120,103,41,109,0.089,82,0,0.0,0.0,0.471,0,0,0
2022-07-09,2022,7,5,1,0,65,23,2,86.6,207.7,1800,1611,120,100,33,87,0.095,77,0,0.0,0.0,0.478,0,0,0
2022-07-10,2022,7,6,1,0,65,18,2,81.1,194.9,1800,1511,120,104,33,89,0.07,76,0,0.0,0.0,0.484,0,0,0
2022-07-11,2022,7,0,0,0,63,16,0,73.1,193.0,1800,1580,120,107,40,106,0.118,72,0,0.0,0.0,0.489,0,0,0
2022-07-12,2022,7,1,0,0,67,22,0,79.8,195.2,1800,1517,120,102,42,112,0.069,84,0,0.0,0.0,0.493,1,0,0
2022-07-13,2022,7,2,0,0,69,14,2,66.6,155.0,1800,1559,120,113,41,110,0.083,71,0,0.0,0.0,0.497,1,0,0
2022-07-14,2022,7,3,0,1,61,20,2,71.9,183.8,1800,1538,120,104,31,82,0.094,82,0,0.0,0.0,0.499,1,0,0
2022-07-15,2022,7,4,0,0,61,23,1,82.7,214.0,1800,1593,120,104,39,104,0.132,77,0,0.0,0.0,0.5,1,0,0
2022-07-16,2022,7,5,1,0,72,22,0,98.5,183.2,1800,1517,120,97,33,88,0.084,80,0,0.0,0.0,0.5,1,0,0
2022-07-17,2022,7,6,1,0,69,21,1,71.0,179.8,1800,1461,120,105,33,88,0.079,74,0,0.0,0.0,0.499,1,0,0
2022-07-18,2022,7,0,0,0,74,18,3,70.4,177.9,1800,1471,120,102,41,110,0.081,73,0,0.0,0.0,0.497,1,0,0
2022-07-19,2022,7,1,0,0,68,27,1,79.0,188.5,1800,1517,120,99,39,105,0.125,79,0,0.0,0.0,0.493,1,0,0
2022-07-20,2022,7,2,0,0,65,14,3,62.9,203.8,1800,1478,120,98,43,116,0.035,81,0,0.0,0.0,0.489,1,0,0
2022-07-21,2022,7,3,0,0,66,15,1,72.8,176.5,1800,1567,120,118,42,111,0.072,74,0,0.0,0.0,0.484,1,0,0
2022-07-22,2022,7,4,0,0,64,21,3,60.7,163.2,1800,1520,120,100,38,102,0.146,77,0,0.0,0.0,0.478,1,0,0
2022-07-23,2022,7,5,1,0,71,16,1,75.5,188.5,1800,1673,120,93,32,86,0.103,77,0,0.0,0.0,0.471,1,0,0
2022-07-24,2022,7,6,1,0,62,23,3,54.8,145.5,1800,1450,120,97,34,89,0.069,74,0,0.0,0.0,0.463,1,0,0
2022-07-25,2022,7,0,0,0,74,22,3,61.5,196.5,1800,1555,120,101,41,109,0.09,79,0,0.0,0.0,0.454,1,0,0
2022-07-26,2022,7,1,0,0,57,17,2,53.2,164.9,1800,1482,120,104,41,109,0.092,73,0,0.0,0.0,0.444,0,0,0
2022-07-27,2022,7,2,0,0,52,21,2,76.1,186.3,1800,1516,120,104,40,107,0.107,78,0,0.0,0.0,0.434,0,0,0
2022-07-28,2022,7,3,0,0,52,9,3,70.1,202.0,1800,1550,120,105,39,105,0.127,72,0,0.0,0.0,0.423,0,0,0
2022-07-29,2022,7,4,0,0,54,22,0,40.8,160.4,1800,1416,120,96,41,108,0.098,78,0,0.0,0.0,0.411,0,0,0
2022-07-30,2022,7,5,1,0,63,19,0,77.0,202.3,1800,1554,120,102,33,88,0.079,76,0,0.0,0.0,0.399,0,0,0
2022-07-31,2022,7,6,1,0,56,16,0,87.4,184.3,1800,1643,120,94,32,86,0.105,78,0,0.0,0.0,0.386,0,0,0
2022-08-01,2022,8,0,0,0,62,21,2,65.7,148.0,1800,1512,120,96,42,111,0.075,78,0,0.0,0.0,0.373,0,0,0
2022-08-02,2022,8,1,0,0,64,22,2,61.1,189.3,1800,1550,120,94,42,112,0.068,85,0,0.0,0.0,0.36,1,0,0
2022-08-03,2022,8,2,0,0,59,21,2,76.1,193.2,1800,1591,120,92,43,114,0.053,79,0,0.0,0.0,0.346,1,0,0
2022-08-04,2022,8,3,0,0,62,16,1,74.2,186.3,1800,1526,120,105,42,113,0.057,84,0,0.0,0.0,0.332,1,0,0
2022-08-05,2022,8,4,0,0,63,23,2,59.6,165.4,1800,1502,120,102,42,112,0.07,75,0,0.0,0.0,0.318,1,0,0
2022-08-06,2022,8,5,1,0,70,27,5,59.3,146.5,1800,1410,120,104,34,90,0.064,77,0,0.0,0.0,0.304,1,0,0
2022-08-07,2022,8,6,1,0,65,20,1,60.7,216.6,1800,1567,120,98,33,87,0.093,73,0,0.0,0.0,0.29,1,0,0
2022-08-08,2022,8,0,0,0,68,20,3,46.7,158.7,1800,1525,120,102,42,112,0.063,78,0,0.0,0.0,0.276,1,0,0
2022-08-09,2022,8,1,0,0,64,18,1,41.8,156.2,1800,1476,120,86,44,117,0.023,82,0,0.0,0.0,0.262,1,0,0
2022-08-10,2022,8,2,0,0,62,15,4,65.4,156.9,1800,1537,120,101,42,112,0.065,85,0,0.0,0.0,0.249,1,0,0
2022-08-11,2022,8,3,0,0,60,15,1,63.7,172.4,1800,1498,120,97,42,111,0.076,81,0,0.0,0.0,0.235,1,0,0
2022-08-12,2022,8,4,0,0,57,18,4,41.9,162.0,1800,1500,120,99,42,111,0.073,82,0,0.0,0.0,0.222,1,0,0
2022-08-13,2022,8,5,1,0,64,17,3,86.8,168.4,1800,1561,120,98,32,85,0.115,75,0,0.0,0.0,0.209,1,0,0
2022-08-14,2022,8,6,1,0,58,17,1,83.4,178.2,1800,1455,120,89,33,89,0.072,73,0,0.0,0.0,0.196,0,0,0
2022-08-15,2022,8,0,0,1,72,20,1,64.0,184.9,1800,1583,120,86,30,81,0.102,84,0,0.0,0.0,0.184,0,0,0
2022-08-16,2022,8,1,0,0,60,19,2,74.8,186.1,1800,1441,120,86,41,110,0.08,75,0,0.0,0.0,0.0,0,0,0
2022-08-17,2022,8,2,0,0,50,16,2,77.8,170.2,1800,1481,120,93,41,111,0.079,74,0,0.0,0.0,0.0,0,0,0
2022-08-18,2022,8,3,0,0,49,8,3,63.7,214.9,1800,1620,120,94,42,112,0.063,87,0,0.0,0.0,0.0,0,0,0
2022-08-19,2022,8,4,0,0,48,11,1,67.8,184.0,1800,1577,120,82,41,111,0.079,88,0,0.0,0.0,0.0,0,0,0
2022-08-20,2022,8,5,1,0,54,17,3,66.4,198.2,1800,1522,120,84,34,90,0.065,83,0,0.0,0.0,0.0,0,0,0
2022-08-21,2022,8,6,1,0,57,19,0,85.6,185.3,1800,1466,120,86,33,88,0.083,80,0,0.0,0.0,0.0,0,0,0
2022-08-22,2022,8,0,0,0,64,19,2,52.7,160.2,1800,1488,120,88,42,111,0.075,86,0,0.0,0.0,0.0,0,0,0
2022-08-23,2022,8,1,0,0,53,16,2,73.9,194.5,1800,1520,120,82,42,113,0.061,77,0,0.0,0.0,0.0,0,0,0
2022-08-24,2022,8,2,0,0,50,11,2,56.0,183.8,1800,1519,120,81,41,108,0.1,81,0,0.0,0.0,0.0,0,0,0
2022-08-25,2022,8,3,0,0,45,17,2,89.3,203.0,1800,1512,120,85,41,109,0.089,80,0,0.0,0.0,0.0,0,0,0
2022-08-26,2022,8,4,0,0,52,17,3,47.1,163.2,1800,1515,120,91,42,111,0.071,88,0,0.0,0.0,0.0,0,0,0
2022-08-27,2022,8,5,1,0,53,13,1,64.5,146.7,1800,1505,120,83,33,88,0.083,89,0,0.0,0.0,0.0,0,0,0
2022-08-28,2022,8,6,1,0,55,16,0,75.3,182.8,1800,1439,120,89,33,88,0.078,85,0,0.0,0.0,0.0,0,0,0
2022-08-29,2022,8,0,0,0,57,11,1,59.1,149.1,1800,1489,120,96,42,112,0.063,77,0,0.0,0.0,0.0,0,0,0
2022-08-30,2022,8,1,0,0,55,11,5,88.4,225.3,1800,1566,120,82,41,110,0.081,82,0,0.0,0.0,0.0,0,0,0
2022-08-31,2022,8,2,0,0,47,19,0,61.2,177.0,1800,1443,120,89,42,112,0.068,79,0,0.0,0.0,0.0,0,0,0
2022-09-01,2022,9,3,0,0,50,13,0,45.0,139.8,1800,1513,120,96,42,113,0.061,88,0,0.0,0.0,0.0,0,0,0
2022-09-02,2022,9,4,0,0,62,20,0,48.1,171.8,1800,1479,120,87,43,114,0.048,77,0,0.0,0.0,0.0,0,0,0
2022-09-03,2022,9,5,1,0,56,16,0,70.9,172.1,1800,1529,120,87,33,89,0.073,76,0,0.0,0.0,0.0,0,0,0
2022-09-04,2022,9,6,1,0,57,20,2,63.9,174.8,1800,1502,120,97,33,87,0.091,86,0,0.0,0.0,0.0,0,0,0
2022-09-05,2022,9,0,0,0,71,22,2,71.9,186.9,1800,1603,120,88,42,112,0.066,82,0,0.0,0.0,0.0,0,0,0
2022-09-06,2022,9,1,0,0,69,27,1,62.9,200.4,1800,1550,120,97,39,104,0.13,88,0,0.0,0.0,0.0,0,0,0
2022-09-07,2022,9,2,0,0,53,16,1,56.2,165.9,1800,1452,120,93,41,108,0.098,76,0,0.0,0.0,0.0,0,0,0
2022-09-08,2022,9,3,0,0,53,20,0,55.1,160.2,1800,1559,120,88,40,107,0.106,87,0,0.0,0.0,0.0,0,0,0
2022-09-09,2022,9,4,0,0,57,12,0,63.9,149.4,1800,1481,120,93,41,108,0.096,76,0,0.0,0.0,0.0,0,0,0
2022-09-10,2022,9,5,1,0,64,16,2,74.6,185.8,1800,1492,120,92,32,85,0.117,75,0,0.0,0.0,0.0,0,0,0
2022-09-11,2022,9,6,1,0,57,16,1,58.8,207.3,1800,1540,120,96,34,90,0.064,82,0,0.0,0.0,0.0,0,0,0
2022-09-12,2022,9,0,0,0,64,20,2,63.8,174.9,1800,1496,120,87,44,117,0.029,78,0,0.0,0.0,0.0,0,0,0
2022-09-13,2022,9,1,0,0,62,22,0,63.4,168.7,1800,1571,120,90,42,111,0.071,84,0,0.0,0.0,0.0,0,0,0
2022-09-14,2022,9,2,0,0,57,19,1,62.8,190.0,1800,1481,120,90,41,109,0.091,75,0,0.0,0.0,0.0,0,0,0
2022-09-15,2022,9,3,0,0,53,9,2,46.8,141.0,1800,1489,120,94,41,110,0.083,76,0,0.0,0.0,0.0,0,0,0
2022-09-16,2022,9,4,0,0,56,13,1,76.8,189.0,1800,1487,120,84,41,110,0.086,86,0,0.0,0.0,0.0,0,0,0
2022-09-17,2022,9,5,1,0,56,15,2,66.5,173.4,1800,1492,120,96,32,86,0.106,78,0,0.0,0.0,0.0,0,0,0
2022-09-18,2022,9,6,1,0,58,23,2,75.7,187.5,1800,1582,120,93,33,88,0.088,85,0,0.0,0.0,0.0,0,0,0
2022-09-19,2022,9,0,0,0,64,19,3,64.1,154.3,1800,1557,120,82,41,108,0.096,86,0,0.0,0.0,0.0,0,0,0
2022-09-20,2022,9,1,0,0,61,16,1,69.6,194.2,1800,1615,120,97,42,113,0.061,76,0,0.0,0.0,0.0,0,0,0
2022-09-21,2022,9,2,0,0,54,22,0,37.7,180.4,1800,1645,120,103,42,113,0.058,87,0,0.0,0.0,0.0,0,0,0
2022-09-22,2022,9,3,0,0,55,19,1,64.7,146.7,1800,1467,120,96,40,107,0.112,79,0,0.0,0.0,0.0,0,0,0
2022-09-23,2022,9,4,0,0,59,9,3,51.5,157.1,1800,1527,120,99,41,110,0.082,81,0,0.0,0.0,0.0,0,0,0
2022-09-24,2022,9,5,1,0,60,20,1,75.3,178.7,1800,1459,120,91,34,90,0.068,76,0,0.0,0.0,0.0,0,0,0
2022-09-25,2022,9,6,1,0,61,16,1,47.4,160.0,1800,1481,120,80,34,90,0.068,88,0,0.0,0.0,0.0,0,0,0
2022-09-26,2022,9,0,0,0,65,22,3,49.7,154.2,1800,1489,120,79,42,112,0.067,83,0,0.0,0.0,0.0,0,0,0
2022-09-27,2022,9,1,0,0,60,20,0,34.9,122.6,1800,1466,120,92,42,112,0.066,83,0,0.0,0.0,0.0,0,0,0
2022-09-28,2022,9,2,0,0,54,21,1,42.5,124.9,1800,1466,120,86,43,113,0.054,90,0,0.0,0.0,0.0,0,0,0
2022-09-29,2022,9,3,0,0,55,17,2,59.8,174.0,1800,1515,120,85,43,114,0.05,80,0,0.0,0.0,0.0,0,0,0
2022-09-30,2022,9,4,0,0,56,19,2,68.4,184.9,1800,1457,120,90,42,111,0.076,88,0,0.0,0.0,0.0,0,0,0
2022-10-01,2022,10,5,1,0,73,25,2,71.4,185.1,1800,1575,120,94,34,89,0.068,86,0,0.0,0.0,0.0,0,0,0
2022-10-02,2022,10,6,1,0,71,22,2,98.5,195.2,1800,1480,120,81,32,86,0.102,89,0,0.0,0.0,0.0,0,0,0
2022-10-03,2022,10,0,0,0,71,14,2,85.5,209.3,1800,1682,120,87,41,110,0.086,89,0,0.0,0.0,0.0,0,0,0
2022-10-04,2022,10,1,0,0,63,19,1,61.6,166.8,1800,1506,120,99,41,110,0.085,90,0,0.0,0.0,0.0,0,0,0
2022-10-05,2022,10,2,0,0,58,17,0,57.5,170.9,1800,1534,120,84,42,112,0.065,77,0,0.0,0.0,0.0,0,0,0
2022-10-06,2022,10,3,0,0,63,16,1,79.0,202.4,1800,1460,120,95,42,111,0.078,87,0,0.0,0.0,0.0,0,0,0
2022-10-07,2022,10,4,0,0,62,18,0,54.9,165.8,1800,1622,120,87,41,110,0.087,87,0,0.0,0.0,0.0,0,0,0
2022-10-08,2022,10,5,1,0,67,21,2,88.0,198.0,1800,1590,120,93,33,87,0.094,85,0,0.0,0.0,0.0,0,0,0
2022-10-09,2022,10,6,1,0,60,14,2,73.2,185.7,1800,1546,120,97,33,89,0.078,79,0,0.0,0.0,0.0,0,0,0
2022-10-10,2022,10,0,0,0,73,33,1,66.8,173.0,1800,1457,120,94,40,108,0.102,89,0,0.0,0.0,0.0,0,0,0
2022-10-11,2022,10,1,0,0,66,17,1,58.2,179.6,1800,1541,120,95,41,110,0.08,78,0,0.0,0.0,0.0,0,0,0
2022-10-12,2022,10,2,0,0,58,20,2,54.8,161.2,1800,1469,120,83,41,108,0.096,82,0,0.0,0.0,0.0,0,0,0
2022-10-13,2022,10,3,0,0,58,12,4,67.8,161.2,1800,1609,120,97,42,112,0.07,83,0,0.0,0.0,0.0,0,0,0
2022-10-14,2022,10,4,0,0,62,23,2,55.1,168.2,1800,1574,120,85,43,115,0.044,77,0,0.0,0.0,0.0,0,0,0
2022-10-15,2022,10,5,1,0,68,22,2,71.8,194.7,1800,1552,120,94,33,87,0.093,86,0,0.0,0.313,0.0,0,0,0
2022-10-16,2022,10,6,1,0,67,22,1,57.5,157.0,1800,1416,120,94,32,86,0.102,76,0,0.0,0.326,0.0,0,0,0
2022-10-17,2022,10,0,0,0,72,20,1,64.4,193.0,1800,1495,120,95,41,108,0.1,85,0,0.0,0.34,0.0,0,0,0
2022-10-18,2022,10,1,0,0,66,18,3,52.2,165.3,1800,1586,120,95,41,108,0.097,87,0,0.0,0.355,0.0,0,0,0
2022-10-19,2022,10,2,0,0,63,14,2,65.8,207.3,1800,1615,120,88,41,110,0.082,79,0,0.0,0.369,0.0,0,0,0
2022-10-20,2022,10,3,0,0,64,17,3,60.4,183.0,1800,1611,120,85,42,111,0.073,84,0,0.0,0.384,0.0,0,0,0
2022-10-21,2022,10,4,0,0,54,16,1,45.4,152.5,1800,1466,120,98,40,108,0.101,76,0,0.0,0.399,0.0,0,0,0
2022-10-22,2022,10,5,1,0,67,12,2,66.7,206.8,1800,1569,120,94,32,87,0.098,86,0,0.0,0.414,0.0,0,0,0
2022-10-23,2022,10,6,1,0,69,22,1,84.1,210.1,1800,1608,120,100,33,88,0.079,87,0,0.0,0.43,0.0,0,0,0
2022-10-24,2022,10,0,0,0,74,26,2,65.7,172.9,1800,1464,120,93,40,106,0.113,75,0,0.0,0.445,0.0,0,0,0
2022-10-25,2022,10,1,0,0,67,17,1,61.9,180.5,1800,1554,120,85,42,111,0.073,83,0,0.0,0.461,0.0,0,0,0
2022-10-26,2022,10,2,0,0,57,18,1,75.7,202.0,1800,1571,120,99,41,110,0.08,80,0,0.0,0.476,0.0,0,0,0
2022-10-27,2022,10,3,0,0,62,15,1,57.7,172.8,1800,1540,120,91,39,105,0.125,80,0,0.0,0.492,0.0,0,0,0
2022-10-28,2022,10,4,0,0,68,24,1,52.4,140.1,1800,1457,120,96,40,107,0.11,82,0,0.0,0.508,0.0,0,0,0
2022-10-29,2022,10,5,1,0,64,26,1,99.6,219.5,1800,1541,120,90,33,88,0.085,79,0,0.0,0.524,0.0,0,0,0
2022-10-30,2022,10,6,1,0,72,26,2,78.4,176.3,1800,1541,120,104,32,87,0.099,80,0,0.0,0.54,0.0,0,0,0
2022-10-31,2022,10,0,0,0,73,30,3,61.8,166.8,1800,1552,120,89,41,108,0.096,74,0,0.0,0.556,0.0,0,0,0
2022-11-01,2022,11,1,0,1,79,30,0,61.9,153.5,1800,1539,120,92,32,87,0.039,76,0,0.0,0.571,0.0,0,0,0
2022-11-02,2022,11,2,0,0,66,20,1,52.1,187.5,1800,1547,120,95,42,111,0.076,84,0,0.0,0.587,0.0,0,0,0
2022-11-03,2022,11,3,0,0,67,17,1,98.5,206.0,1800,1569,120,88,41,109,0.093,72,0,0.0,0.602,0.0,0,0,0
2022-11-04,2022,11,4,0,0,75,21,1,60.5,159.5,1800,1596,120,96,41,109,0.088,79,0,0.0,0.618,0.0,0,0,0
2022-11-05,2022,11,5,1,0,78,23,5,103.8,201.4,1800,1557,120,104,32,86,0.1,73,0,0.0,0.633,0.0,0,0,0
2022-11-06,2022,11,6,1,0,84,18,4,108.5,233.9,1800,1552,120,92,32,85,0.118,83,0,0.0,0.647,0.0,0,0,0
2022-11-07,2022,11,0,0,0,87,37,4,69.5,174.1,1800,1580,120,97,41,109,0.089,79,0,0.0,0.662,0.0,0,0,0
2022-11-08,2022,11,1,0,0,78,22,1,51.3,151.2,1800,1472,120,78,42,111,0.075,76,0,0.0,0.676,0.0,0,0,0
2022-11-09,2022,11,2,0,0,77,23,0,81.5,213.1,1800,1602,120,95,40,108,0.103,73,0,0.0,0.69,0.0,0,0,0
2022-11-10,2022,11,3,0,0,71,21,1,70.9,197.2,1800,1577,120,93,41,109,0.09,76,0,0.0,0.704,0.0,0,0,0
2022-11-11,2022,11,4,0,1,78,23,1,77.1,188.9,1800,1580,120,90,31,82,0.094,84,0,0.0,0.717,0.0,0,0,0
2022-11-12,2022,11,5,1,0,76,22,1,91.3,222.1,1800,1630,120,102,33,87,0.092,77,0,0.0,0.729,0.0,0,0,0
2022-11-13,2022,11,6,1,0,77,21,1,73.6,184.0,1800,1474,120,93,31,82,0.143,76,0,0.0,0.741,0.0,0,0,0
2022-11-14,2022,11,0,0,0,78,26,3,59.1,161.4,1800,1473,120,94,43,114,0.053,80,0,0.0,0.753,0.0,0,0,0
2022-11-15,2022,11,1,0,0,82,30,2,56.1,183.2,1800,1607,120,99,41,108,0.096,74,0,0.0,0.764,0.221,0,0,0
2022-11-16,2022,11,2,0,0,69,25,2,64.9,218.5,1800,1593,120,90,40,108,0.104,75,0,0.0,0.775,0.232,0,0,0
2022-11-17,2022,11,3,0,0,74,23,5,94.6,215.0,1800,1604,120,95,41,109,0.089,73,0,0.0,0.785,0.244,0,0,0
2022-11-18,2022,11,4,0,0,72,18,0,76.4,189.8,1800,1571,120,108,39,105,0.123,70,0,0.0,0.794,0.256,0,0,0
2022-11-19,2022,11,5,1,0,84,21,5,79.5,231.0,1800,1633,120,90,32,84,0.122,78,0,0.0,0.803,0.269,0,0,0
2022-11-20,2022,11,6,1,0,82,28,1,92.5,205.9,1800,1648,120,98,32,86,0.105,80,0,0.0,0.811,0.281,0,0,0
2022-11-21,2022,11,0,0,0,93,29,4,82.7,213.9,1800,1625,120,101,40,108,0.101,81,0,0.0,0.818,0.294,0,0,0
2022-11-22,2022,11,1,0,0,82,24,3,71.3,177.6,1800,1586,120,114,40,107,0.105,80,0,0.0,0.825,0.307,0,0,0
2022-11-23,2022,11,2,0,0,68,21,2,57.2,152.8,1800,1487,120,109,40,107,0.106,73,0,0.0,0.831,0.32,0,0,0
2022-11-24,2022,11,3,0,0,71,19,3,84.3,196.4,1800,1644,120,101,40,107,0.106,70,0,0.0,0.836,0.334,0,0,0
2022-11-25,2022,11,4,0,0,70,20,1,92.1,223.5,1800,1669,120,113,40,107,0.105,75,0,0.0,0.84,0.347,0,0,0
2022-11-26,2022,11,5,1,0,78,24,2,89.5,201.6,1800,1639,120,101,32,85,0.114,80,0,0.0,0.844,0.36,0,0,0
2022-11-27,2022,11,6,1,0,85,20,3,78.7,200.0,1800,1557,120,112,32,84,0.124,76,0,0.0,0.846,0.374,0,0,0
2022-11-28,2022,11,0,0,0,89,32,1,75.6,195.7,1800,1642,120,98,41,110,0.085,72,0,0.0,0.848,0.387,0,0,0
2022-11-29,2022,11,1,0,0,77,24,4,67.2,168.8,1800,1653,120,113,41,109,0.089,75,0,0.0,0.85,0.4,0,0,0
2022-11-30,2022,11,2,0,0,70,21,3,69.3,174.6,1800,1691,120,104,42,111,0.075,76,0,0.0,0.85,0.413,0,0,0
2022-12-01,2022,12,3,0,0,88,23,2,72.2,201.9,1800,1602,120,104,39,103,0.139,78,0,0.331,0.85,0.426,0,0,0
2022-12-02,2022,12,4,0,0,85,28,3,75.7,201.6,1800,1639,120,109,39,105,0.127,75,0,0.349,0.848,0.439,0,0,0
2022-12-03,2022,12,5,1,0,96,27,1,89.6,208.8,1800,1694,120,113,31,83,0.133,70,0,0.367,0.846,0.452,0,0,0
2022-12-04,2022,12,6,1,0,101,25,5,94.0,223.0,1800,1658,120,109,33,87,0.095,67,0,0.385,0.844,0.464,0,0,0
2022-12-05,2022,12,0,0,0,112,34,2,65.4,178.6,1800,1597,120,115,38,101,0.16,70,0,0.404,0.84,0.476,0,0,0
2022-12-06,2022,12,1,0,0,102,35,3,77.0,195.8,1800,1681,120,109,40,106,0.113,67,0,0.423,0.836,0.488,0,0,0
2022-12-07,2022,12,2,0,0,81,19,1,64.0,195.9,1800,1692,120,117,39,104,0.129,75,0,0.443,0.831,0.499,0,0,0
2022-12-08,2022,12,3,0,0,91,24,4,80.0,212.5,1800,1667,120,116,39,103,0.144,68,0,0.463,0.825,0.51,0,0,0
2022-12-09,2022,12,4,0,0,93,27,3,77.2,192.6,1800,1676,120,113,40,107,0.108,67,0,0.483,0.818,0.521,0,0,0
2022-12-10,2022,12,5,1,0,103,35,3,97.7,215.3,1800,1652,120,111,32,85,0.117,65,0,0.503,0.811,0.531,0,0,0
2022-12-11,2022,12,6,1,0,109,31,2,93.3,245.4,1800,1747,120,115,31,83,0.133,69,0,0.523,0.803,0.54,0,0,0
2022-12-12,2022,12,0,0,0,97,35,3,79.5,193.8,1800,1620,120,118,37,98,0.187,67,0,0.543,0.794,0.549,0,0,0
2022-12-13,2022,12,1,0,0,98,31,3,67.8,197.7,1800,1638,120,118,39,104,0.136,60,0,0.564,0.785,0.557,0,0,0
2022-12-14,2022,12,2,0,0,97,21,2,68.1,213.9,1800,1672,120,118,38,100,0.163,71,0,0.584,0.775,0.565,0,0,0
2022-12-15,2022,12,3,0,0,84,19,3,89.7,254.0,1800,1720,120,118,38,101,0.155,63,0,0.604,0.764,0.571,0,0,0
2022-12-16,2022,12,4,0,0,101,27,3,80.7,201.3,1800,1593,120,118,39,103,0.139,64,0,0.624,0.753,0.578,0,0,0
2022-12-17,2022,12,5,1,0,104,33,5,108.8,222.2,1800,1604,120,118,32,85,0.113,60,0,0.644,0.741,0.583,0,0,0
2022-12-18,2022,12,6,1,0,106,35,3,82.4,197.4,1800,1566,120,118,30,81,0.154,65,0,0.663,0.729,0.588,0,0,0
2022-12-19,2022,12,0,0,0,106,25,3,85.3,212.4,1800,1679,120,118,40,108,0.103,67,0,0.682,0.717,0.592,0,0,0
2022-12-20,2022,12,1,0,0,106,31,3,71.1,209.4,1800,1617,120,111,38,100,0.166,69,0,0.701,0.704,0.595,0,0,0
2022-12-21,2022,12,2,0,0,100,29,2,73.1,205.1,1800,1658,120,114,39,103,0.138,57,0,0.719,0.69,0.597,0,0,0
2022-12-22,2022,12,3,0,0,93,27,4,79.0,201.9,1800,1715,120,114,41,110,0.081,70,0,0.737,0.676,0.599,0,0,0
2022-12-23,2022,12,4,0,0,96,27,6,82.8,195.9,1800,1645,120,118,39,105,0.128,66,0,0.754,0.662,0.6,0,0,0
2022-12-24,2022,12,5,1,0,104,24,5,97.7,236.6,1800,1692,120,116,31,82,0.148,60,0,0.77,0.647,0.6,0,0,0
2022-12-25,2022,12,6,1,1,103,21,6,108.1,237.0,1800,1664,120,118,22,57,0.13,58,0,0.786,0.633,0.599,0,0,0
2022-12-26,2022,12,0,0,0,109,30,0,89.2,238.3,1800,1717,120,118,38,102,0.149,60,0,0.801,0.618,0.597,0,0,0
2022-12-27,2022,12,1,0,0,101,27,3,81.8,189.2,1800,1706,120,118,40,106,0.118,68,0,0.815,0.602,0.595,0,0,0
2022-12-28,2022,12,2,0,0,97,34,4,61.2,190.1,1800,1643,120,116,40,107,0.109,59,0,0.828,0.587,0.592,0,0,0
2022-12-29,2022,12,3,0,0,97,34,1,80.7,224.9,1800,1671,120,113,39,104,0.133,62,0,0.84,0.571,0.588,0,0,0
2022-12-30,2022,12,4,0,0,89,24,5,91.3,221.8,1800,1736,120,118,39,104,0.135,65,0,0.851,0.556,0.583,0,0,0
2022-12-31,2022,12,5,1,0,102,27,4,83.2,234.4,1800,1701,120,118,31,84,0.127,68,0,0.861,0.54,0.578,0,0,0
2023-01-01,2023,1,6,1,1,112,33,3,109.5,225.4,1800,1599,120,107,21,56,0.159,65,0,0.87,0.524,0.571,0,0,0
2023-01-02,2023,1,0,0,0,101,27,3,64.3,208.3,1800,1709,120,114,40,106,0.117,66,0,0.878,0.508,0.565,0,0,0
2023-01-03,2023,1,1,0,0,94,20,1,72.2,193.6,1800,1614,120,117,39,103,0.14,57,0,0.885,0.492,0.557,0,0,0
2023-01-04,2023,1,2,0,0,92,24,6,81.0,214.6,1800,1748,120,118,39,104,0.134,68,0,0.89,0.476,0.549,0,0,0
2023-01-05,2023,1,3,0,0,92,27,2,70.1,203.1,1800,1726,120,118,40,108,0.102,59,0,0.894,0.461,0.54,0,0,0
2023-01-06,2023,1,4,0,0,91,31,6,61.3,206.3,1800,1685,120,117,40,107,0.106,57,0,0.898,0.445,0.531,0,0,0
2023-01-07,2023,1,5,1,0,105,24,3,93.2,237.7,1800,1677,120,118,31,83,0.132,69,0,0.899,0.43,0.521,0,0,0
2023-01-08,2023,1,6,1,0,102,37,3,80.5,182.0,1800,1656,120,115,30,80,0.171,58,0,0.9,0.414,0.51,0,0,0
2023-01-09,2023,1,0,0,0,108,35,3,75.3,201.4,1800,1702,120,110,39,103,0.142,57,0,0.899,0.399,0.499,0,0,0
2023-01-10,2023,1,1,0,0,100,33,7,89.2,196.0,1800,1644,120,112,41,109,0.095,65,0,0.898,0.384,0.488,0,0,0
2023-01-11,2023,1,2,0,0,100,32,2,65.8,209.4,1800,1675,120,113,42,112,0.067,60,0,0.894,0.369,0.476,0,0,0
2023-01-12,2023,1,3,0,0,86,19,2,93.0,208.7,1800,1708,120,113,39,103,0.143,58,0,0.89,0.355,0.464,0,0,0
2023-01-13,2023,1,4,0,0,80,22,3,73.1,206.8,1800,1629,120,101,39,105,0.125,65,0,0.885,0.34,0.452,0,0,0
2023-01-14,2023,1,5,1,0,104,39,2,81.9,220.1,1800,1624,120,109,31,82,0.149,67,0,0.878,0.326,0.439,0,0,0
2023-01-15,2023,1,6,1,0,94,33,2,93.6,219.4,1800,1591,120,112,32,86,0.108,68,0,0.87,0.313,0.426,0,0,0
2023-01-16,2023,1,0,0,0,101,25,1,90.1,201.5,1800,1579,120,107,39,105,0.124,59,0,0.861,0.0,0.413,0,0,0
2023-01-17,2023,1,1,0,0,99,21,2,80.8,204.0,1800,1537,120,107,39,104,0.134,65,0,0.851,0.0,0.4,0,0,0
2023-01-18,2023,1,2,0,0,79,24,2,64.9,198.1,1800,1673,120,111,40,107,0.107,70,0,0.84,0.0,0.387,0,0,0
2023-01-19,2023,1,3,0,0,78,19,2,108.9,252.8,1800,1730,120,101,40,107,0.107,60,0,0.828,0.0,0.374,0,0,0
2023-01-20,2023,1,4,0,0,79,16,3,76.2,193.4,1800,1708,120,97,40,106,0.115,62,0,0.815,0.0,0.36,0,0,0
2023-01-21,2023,1,5,1,0,89,25,4,86.8,170.4,1800,1541,120,104,32,84,0.125,59,0,0.801,0.0,0.347,0,0,0
2023-01-22,2023,1,6,1,0,94,22,7,104.8,231.8,1800,1666,120,111,32,85,0.113,67,0,0.786,0.0,0.334,0,0,0
2023-01-23,2023,1,0,0,0,101,28,3,70.0,183.8,1800,1702,120,116,39,104,0.132,63,0,0.77,0.0,0.32,0,0,0
2023-01-24,2023,1,1,0,0,92,31,0,69.8,201.5,1800,1599,120,110,40,108,0.102,71,0,0.754,0.0,0.307,0,0,0
2023-01-25,2023,1,2,0,0,78,19,4,74.6,190.4,1800,1627,120,96,41,110,0.084,75,0,0.737,0.0,0.294,0,0,0
2023-01-26,2023,1,3,0,0,73,17,1,74.5,172.3,1800,1511,120,103,38,102,0.149,64,0,0.719,0.0,0.281,0,0,0
2023-01-27,2023,1,4,0,0,84,29,3,53.8,175.1,1800,1632,120,105,41,108,0.097,72,0,0.701,0.0,0.269,0,0,0
2023-01-28,2023,1,5,1,0,89,31,3,84.2,192.5,1800,1558,120,104,33,87,0.097,65,0,0.682,0.0,0.256,0,0,0
2023-01-29,2023,1,6,1,0,93,30,2,78.7,220.4,1800,1624,120,106,32,86,0.106,63,0,0.663,0.0,0.244,0,0,0
2023-01-30,2023,1,0,0,0,99,27,2,60.8,194.4,1800,1527,120,97,40,107,0.108,74,0,0.644,0.0,0.232,0,0,0
2023-01-31,2023,1,1,0,0,90,30,4,73.9,205.6,1800,1639,120,102,41,108,0.098,70,0,0.624,0.0,0.221,0,0,0
2023-02-01,2023,2,2,0,0,81,22,5,77.0,200.9,1800,1647,120,98,41,108,0.099,78,0,0.604,0.0,0.0,0,0,0
2023-02-02,2023,2,3,0,0,75,28,4,58.8,197.6,1800,1548,120,101,41,108,0.098,72,0,0.584,0.0,0.0,0,0,0
2023-02-03,2023,2,4,0,0,79,24,4,62.5,185.5,1800,1527,120,91,40,108,0.102,67,0,0.564,0.0,0.0,0,0,0
2023-02-04,2023,2,5,1,0,81,26,0,59.7,170.9,1800,1471,120,93,34,91,0.05,72,0,0.543,0.0,0.0,0,0,0
2023-02-05,2023,2,6,1,0,83,20,3,73.4,172.1,1800,1571,120,79,31,83,0.134,69,0,0.523,0.0,0.0,0,0,0
2023-02-06,2023,2,0,0,0,90,23,1,58.0,174.1,1800,1553,120,91,41,109,0.093,79,0,0.503,0.0,0.0,0,0,0
2023-02-07,2023,2,1,0,0,86,23,2,55.8,172.0,1800,1499,120,91,40,107,0.107,77,0,0.483,0.0,0.0,0,0,0
2023-02-08,2023,2,2,0,0,75,21,3,69.1,193.2,1800,1606,120,88,42,112,0.067,72,0,0.463,0.0,0.0,0,0,0
2023-02-09,2023,2,3,0,0,76,20,2,66.9,193.9,1800,1556,120,95,41,110,0.085,75,0,0.443,0.0,0.0,0,0,0
2023-02-10,2023,2,4,0,0,75,28,2,53.0,164.8,1800,1520,120,94,41,110,0.08,78,0,0.423,0.0,0.0,0,0,0
2023-02-11,2023,2,5,1,0,83,30,0,92.3,195.8,1800,1547,120,80,32,84,0.122,80,0,0.404,0.0,0.0,0,0,0
2023-02-12,2023,2,6,1,0,86,25,2,71.1,192.3,1800,1634,120,95,33,88,0.081,70,0,0.385,0.0,0.0,0,0,0
2023-02-13,2023,2,0,0,0,79,21,1,75.3,181.8,1800,1607,120,88,40,107,0.107,69,0,0.367,0.0,0.0,0,0,0
2023-02-14,2023,2,1,0,0,76,27,2,57.5,188.7,1800,1566,120,96,41,111,0.078,71,0,0.349,0.0,0.0,0,0,0
2023-02-15,2023,2,2,0,0,70,21,1,63.6,173.4,1800,1605,120,85,41,110,0.082,75,0,0.331,0.0,0.0,0,0,0
2023-02-16,2023,2,3,0,0,61,13,2,77.4,176.3,1800,1485,120,90,42,111,0.075,77,0,0.0,0.0,0.0,0,0,0
2023-02-17,2023,2,4,0,0,71,21,1,43.8,152.2,1800,1550,120,88,40,107,0.106,73,0,0.0,0.0,0.0,0,0,0
2023-02-18,2023,2,5,1,0,82,21,1,54.9,178.9,1800,1556,120,92,34,92,0.042,77,0,0.0,0.0,0.0,0,0,0
2023-02-19,2023,2,6,1,0,78,26,1,76.8,193.3,1800,1523,120,91,34,91,0.054,78,0,0.0,0.0,0.0,0,0,0
2023-02-20,2023,2,0,0,0,85,22,3,59.6,166.3,1800,1572,120,88,43,115,0.041,74,0,0.0,0.0,0.0,0,0,0
2023-02-21,2023,2,1,0,0,82,28,4,61.9,191.6,1800,1506,120,81,42,113,0.058,86,0,0.0,0.0,0.0,0,0,0
2023-02-22,2023,2,2,0,0,78,20,3,67.0,176.4,1800,1576,120,81,42,112,0.064,82,0,0.0,0.0,0.0,0,0,0
2023-02-23,2023,2,3,0,0,70,11,0,62.8,187.8,1800,1578,120,86,43,114,0.048,79,0,0.0,0.0,0.0,0,0,0
2023-02-24,2023,2,4,0,0,78,22,1,51.8,138.6,1800,1390,120,90,42,112,0.065,81,0,0.0,0.0,0.0,0,0,0
2023-02-25,2023,2,5,1,0,79,25,3,79.8,220.5,1800,1612,120,86,35,92,0.04,78,0,0.0,0.0,0.0,0,0,0
2023-02-26,2023,2,6,1,0,76,21,3,58.2,158.5,1800,1383,120,94,34,90,0.06,87,0,0.0,0.0,0.0,0,0,0
2023-02-27,2023,2,0,0,0,82,21,0,65.1,173.1,1800,1515,120,88,40,108,0.104,83,0,0.0,0.0,0.0,0,0,0
2023-02-28,2023,2,1,0,0,72,32,1,65.5,206.7,1800,1603,120,84,41,109,0.088,82,0,0.0,0.0,0.0,0,0,0
2023-03-01,2023,3,2,0,0,60,20,0,56.5,183.4,1800,1517,120,88,41,110,0.084,89,0,0.0,0.0,0.0,0,0,0
2023-03-02,2023,3,3,0,0,61,19,1,65.1,174.2,1800,1455,120,91,42,113,0.06,88,0,0.0,0.0,0.0,0,0,0
2023-03-03,2023,3,4,0,0,67,18,2,62.4,173.6,1800,1475,120,92,43,114,0.049,87,0,0.0,0.0,0.0,0,0,0
2023-03-04,2023,3,5,1,0,75,20,1,74.7,199.7,1800,1590,120,101,34,91,0.057,78,0,0.0,0.0,0.0,0,0,0
2023-03-05,2023,3,6,1,0,64,22,1,72.1,202.4,1800,1431,120,86,33,88,0.079,77,0,0.0,0.0,0.0,0,0,0
2023-03-06,2023,3,0,0,0,75,28,3,61.4,175.9,1800,1595,120,90,41,108,0.097,85,0,0.0,0.0,0.0,0,0,0
2023-03-07,2023,3,1,0,0,64,22,2,56.1,175.0,1800,1532,120,93,41,108,0.098,82,0,0.0,0.0,0.0,0,0,0
2023-03-08,2023,3,2,0,0,66,24,0,55.4,171.2,1800,1470,120,90,34,91,0.243,85,0,0.0,0.0,0.0,0,1,0
2023-03-09,2023,3,3,0,0,62,23,2,60.4,161.0,1800,1503,120,87,35,94,0.215,86,0,0.0,0.0,0.0,0,1,0
2023-03-10,2023,3,4,0,0,58,24,1,56.1,149.4,1800,1480,120,81,35,92,0.23,79,0,0.0,0.0,0.0,0,1,0
2023-03-11,2023,3,5,1,0,72,18,2,90.9,222.2,1800,1581,120,87,28,75,0.224,79,0,0.0,0.0,0.0,0,1,0
2023-03-12,2023,3,6,1,0,67,27,3,83.9,190.8,1800,1574,120,84,28,74,0.226,82,0,0.0,0.0,0.0,0,1,0
2023-03-13,2023,3,0,0,0,72,15,1,63.3,168.3,1800,1442,120,80,34,90,0.25,79,0,0.0,0.0,0.0,0,1,0
2023-03-14,2023,3,1,0,0,64,18,2,48.9,155.4,1800,1513,120,85,36,97,0.195,85,0,0.0,0.0,0.0,0,1,0
2023-03-15,2023,3,2,0,0,62,19,1,42.0,159.1,1800,1488,120,84,35,93,0.225,86,0,0.0,0.0,0.0,0,1,0
2023-03-16,2023,3,3,0,0,63,15,2,74.5,187.7,1800,1604,120,94,34,90,0.25,82,0,0.0,0.0,0.0,0,1,0
2023-03-17,2023,3,4,0,0,63,15,0,57.9,168.7,1800,1462,120,94,36,96,0.201,86,0,0.0,0.0,0.0,0,1,0
2023-03-18,2023,3,5,1,0,70,26,2,84.8,234.6,1800,1621,120,85,28,75,0.217,83,0,0.0,0.0,0.0,0,1,0
2023-03-19,2023,3,6,1,0,70,24,3,75.8,191.3,1800,1533,120,88,28,75,0.219,86,0,0.0,0.0,0.0,0,1,0
2023-03-20,2023,3,0,0,0,79,25,1,53.5,156.2,1800,1472,120,79,35,93,0.226,78,0,0.0,0.0,0.0,0,1,0
2023-03-21,2023,3,1,0,0,67,22,3,52.9,184.6,1800,1498,120,87,36,96,0.198,86,0,0.0,0.0,0.0,0,1,0
2023-03-22,2023,3,2,0,0,59,14,4,58.2,166.3,1800,1491,120,92,34,91,0.242,86,0,0.0,0.0,0.0,0,1,0
2023-03-23,2023,3,3,0,0,65,14,2,75.0,172.6,1800,1466,120,95,41,109,0.093,79,0,0.0,0.0,0.0,0,0,0
2023-03-24,2023,3,4,0,0,62,22,2,60.9,171.7,1800,1540,120,86,41,109,0.09,83,0,0.0,0.0,0.0,0,0,0
2023-03-25,2023,3,5,1,0,73,30,2,70.6,180.0,1800,1468,120,96,34,90,0.063,88,0,0.0,0.0,0.0,0,0,0
2023-03-26,2023,3,6,1,0,70,22,1,81.6,183.3,1800,1417,120,81,33,88,0.082,79,0,0.0,0.0,0.0,0,0,0
2023-03-27,2023,3,0,0,0,74,20,3,54.3,183.8,1800,1514,120,83,42,113,0.062,86,0,0.0,0.0,0.0,0,0,0
2023-03-28,2023,3,1,0,0,69,23,0,65.4,160.9,1800,1437,120,94,42,111,0.073,89,0,0.0,0.0,0.0,0,0,0
2023-03-29,2023,3,2,0,0,70,23,0,60.9,150.1,1800,1494,120,100,39,105,0.123,88,0,0.0,0.0,0.0,0,0,0
2023-03-30,2023,3,3,0,0,68,18,1,64.8,179.2,1800,1485,120,93,41,110,0.082,81,0,0.0,0.0,0.0,0,0,0
2023-03-31,2023,3,4,0,0,64,23,1,73.0,213.8,1800,1487,120,90,42,113,0.056,84,0,0.0,0.0,0.0,0,0,0
2023-04-01,2023,4,5,1,0,62,10,0,80.5,199.0,1800,1634,120,77,33,88,0.084,90,0,0.0,0.0,0.0,0,0,0
2023-04-02,2023,4,6,1,0,65,25,0,71.8,194.2,1800,1529,120,78,34,91,0.053,84,0,0.0,0.0,0.0,0,0,0
2023-04-03,2023,4,0,0,0,64,17,1,73.8,192.5,1800,1539,120,91,42,113,0.056,77,0,0.0,0.0,0.0,0,0,0
2023-04-04,2023,4,1,0,0,63,16,0,44.9,133.3,1800,1430,120,88,42,113,0.059,76,0,0.0,0.0,0.0,0,0,0
2023-04-05,2023,4,2,0,0,58,22,0,46.3,152.9,1800,1490,120,83,42,111,0.071,87,0,0.0,0.0,0.0,0,0,0
2023-04-06,2023,4,3,0,0,57,13,7,67.4,156.6,1800,1537,120,90,41,108,0.099,81,0,0.0,0.0,0.0,0,0,0
2023-04-07,2023,4,4,0,0,56,19,1,62.0,161.2,1800,1470,120,91,41,109,0.092,79,0,0.0,0.0,0.0,0,0,0
2023-04-08,2023,4,5,1,0,57,18,1,77.5,178.9,1800,1575,120,96,33,87,0.09,80,0,0.0,0.0,0.0,0,0,0
2023-04-09,2023,4,6,1,0,56,17,3,59.6,191.8,1800,1461,120,91,34,90,0.058,86,0,0.0,0.0,0.0,0,0,0
2023-04-10,2023,4,0,0,1,66,23,3,58.1,199.2,1800,1510,120,97,31,84,0.069,82,0,0.0,0.0,0.0,0,0,0
2023-04-11,2023,4,1,0,0,61,16,1,53.6,174.2,1800,1494,120,90,41,110,0.085,88,0,0.0,0.0,0.0,0,0,0
2023-04-12,2023,4,2,0,0,57,23,1,43.8,164.1,1800,1534,120,89,42,112,0.067,86,0,0.0,0.0,0.0,0,0,0
2023-04-13,2023,4,3,0,0,61,26,0,56.1,167.2,1800,1491,120,96,42,111,0.074,90,0,0.0,0.0,0.0,0,0,0
2023-04-14,2023,4,4,0,0,61,16,1,67.7,183.4,1800,1511,120,84,41,109,0.089,88,0,0.0,0.0,0.0,0,0,0
2023-04-15,2023,4,5,1,0,59,18,4,78.1,175.8,1800,1513,120,107,33,89,0.073,79,0,0.0,0.0,0.0,0,0,0
2023-04-16,2023,4,6,1,0,63,22,3,71.7,165.8,1800,1486,120,92,33,88,0.085,85,0,0.0,0.0,0.0,0,0,0
2023-04-17,2023,4,0,0,0,66,31,2,56.4,183.4,1800,1552,120,92,40,107,0.112,75,0,0.0,0.0,0.0,0,0,0
2023-04-18,2023,4,1,0,0,61,16,4,45.3,176.2,1800,1538,120,93,42,111,0.077,90,0,0.0,0.0,0.0,0,0,0
2023-04-19,2023,4,2,0,0,59,20,1,91.3,211.2,1800,1521,120,101,40,108,0.104,79,0,0.0,0.0,0.0,0,0,0
2023-04-20,2023,4,3,0,0,58,17,1,56.9,159.8,1800,1502,120,95,41,109,0.091,85,0,0.0,0.0,0.0,0,0,0
2023-04-21,2023,4,4,0,0,56,13,1,65.8,169.0,1800,1569,120,80,43,114,0.051,88,0,0.0,0.0,0.0,0,0,0
2023-04-22,2023,4,5,1,0,65,14,2,90.9,196.4,1800,1513,120,98,34,90,0.058,77,0,0.0,0.0,0.0,0,0,0
2023-04-23,2023,4,6,1,0,58,24,1,67.3,168.6,1800,1509,120,88,34,90,0.063,88,0,0.0,0.0,0.0,0,0,0
2023-04-24,2023,4,0,0,0,67,16,0,59.8,166.1,1800,1531,120,91,42,112,0.063,75,0,0.0,0.0,0.0,0,0,0
2023-04-25,2023,4,1,0,0,70,17,2,68.3,217.1,1800,1617,120,82,41,111,0.078,82,0,0.0,0.0,0.0,0,0,0
2023-04-26,2023,4,2,0,0,59,20,2,58.8,158.0,1800,1453,120,93,41,109,0.092,82,0,0.0,0.0,0.0,0,0,0
2023-04-27,2023,4,3,0,0,60,17,1,86.2,175.9,1800,1567,120,86,40,107,0.105,81,0,0.0,0.0,0.0,0,0,0
2023-04-28,2023,4,4,0,0,58,13,1,48.0,140.0,1800,1423,120,91,41,110,0.086,84,0,0.0,0.0,0.0,0,0,0
2023-04-29,2023,4,5,1,0,64,17,0,57.2,151.3,1800,1537,120,88,33,89,0.071,89,0,0.0,0.0,0.0,0,0,0
2023-04-30,2023,4,6,1,0,62,24,2,66.5,180.7,1800,1611,120,102,35,92,0.038,80,0,0.0,0.0,0.0,0,0,0
2023-05-01,2023,5,0,0,1,65,14,4,72.4,165.0,1800,1547,120,102,31,83,0.081,84,0,0.0,0.0,0.0,0,0,0
2023-05-02,2023,5,1,0,0,57,19,1,55.4,188.0,1800,1530,120,90,41,110,0.081,88,0,0.0,0.0,0.0,0,0,0
2023-05-03,2023,5,2,0,0,56,10,2,56.1,178.7,1800,1491,120,90,41,110,0.084,87,0,0.0,0.0,0.0,0,0,0
2023-05-04,2023,5,3,0,0,51,12,3,73.3,196.5,1800,1523,120,88,40,105,0.122,76,0,0.0,0.0,0.0,0,0,0
2023-05-05,2023,5,4,0,0,57,14,1,56.9,158.7,1800,1507,120,97,40,107,0.105,89,0,0.0,0.0,0.0,0,0,0
2023-05-06,2023,5,5,1,0,62,18,2,59.5,167.9,1800,1479,120,88,33,87,0.096,76,0,0.0,0.0,0.0,0,0,0
2023-05-07,2023,5,6,1,0,60,15,2,70.8,192.0,1800,1505,120,87,34,90,0.061,84,0,0.0,0.0,0.0,0,0,0
2023-05-08,2023,5,0,0,1,65,22,2,65.9,185.2,1800,1532,120,96,31,84,0.07,84,0,0.0,0.0,0.0,0,0,0
2023-05-09,2023,5,1,0,0,60,18,2,45.0,157.6,1800,1480,120,87,41,111,0.078,87,0,0.0,0.0,0.0,0,0,0
2023-05-10,2023,5,2,0,0,54,9,4,61.1,160.8,1800,1477,120,90,42,112,0.064,77,0,0.0,0.0,0.0,0,0,0
2023-05-11,2023,5,3,0,0,55,19,0,51.0,153.8,1800,1448,120,81,41,109,0.09,78,0,0.0,0.0,0.0,0,0,0
2023-05-12,2023,5,4,0,0,50,8,0,80.1,168.7,1800,1542,120,94,41,110,0.087,86,0,0.0,0.0,0.0,0,0,0
2023-05-13,2023,5,5,1,0,58,21,2,83.6,183.4,1800,1550,120,102,34,90,0.058,77,0,0.0,0.0,0.0,0,0,0
2023-05-14,2023,5,6,1,0,53,14,3,88.4,226.6,1800,1534,120,94,32,86,0.104,82,0,0.0,0.0,0.0,0,0,0
2023-05-15,2023,5,0,0,0,58,15,2,69.6,209.6,1800,1573,120,99,41,110,0.082,86,0,0.0,0.0,0.0,0,0,0
2023-05-16,2023,5,1,0,0,63,20,5,68.4,167.4,1800,1526,120,85,43,115,0.045,85,0,0.0,0.0,0.0,0,0,0
2023-05-17,2023,5,2,0,0,57,17,2,67.8,197.9,1800,1542,120,91,41,111,0.079,78,0,0.0,0.0,0.0,0,0,0
2023-05-18,2023,5,3,0,1,53,10,2,71.5,202.7,1800,1537,120,84,31,82,0.086,80,0,0.0,0.0,0.0,0,0,0
2023-05-19,2023,5,4,0,0,51,15,3,61.6,182.5,1800,1516,120,89,41,108,0.099,90,0,0.0,0.0,0.0,0,0,0
2023-05-20,2023,5,5,1,0,50,9,1,55.7,154.6,1800,1492,120,95,33,89,0.073,82,0,0.0,0.0,0.0,0,0,0
2023-05-21,2023,5,6,1,0,57,15,2,72.9,196.8,1800,1641,120,91,33,87,0.097,76,0,0.0,0.0,0.0,0,0,0
2023-05-22,2023,5,0,0,0,71,19,2,71.9,165.7,1800,1497,120,82,41,110,0.084,78,0,0.0,0.0,0.0,0,0,0
2023-05-23,2023,5,1,0,0,59,20,2,67.0,191.3,1800,1485,120,82,43,114,0.054,80,0,0.0,0.0,0.0,0,0,0
2023-05-24,2023,5,2,0,0,53,12,1,61.4,177.7,1800,1544,120,82,43,114,0.052,90,0,0.0,0.0,0.0,0,0,0
2023-05-25,2023,5,3,0,0,54,14,1,81.4,179.4,1800,1535,120,93,40,108,0.102,80,0,0.0,0.0,0.0,0,0,0
2023-05-26,2023,5,4,0,0,51,19,1,64.5,158.5,1800,1445,120,102,40,108,0.104,75,0,0.0,0.0,0.0,0,0,0
2023-05-27,2023,5,5,1,0,58,15,2,56.4,188.5,1800,1582,120,98,33,88,0.086,83,0,0.0,0.0,0.0,0,0,0
2023-05-28,2023,5,6,1,0,59,14,3,85.9,180.8,1800,1516,120,79,32,85,0.11,76,0,0.0,0.0,0.0,0,0,0
2023-05-29,2023,5,0,0,1,66,19,3,85.7,166.7,1800,1461,120,99,30,81,0.101,79,0,0.0,0.0,0.0,0,0,0
2023-05-30,2023,5,1,0,0,61,22,4,79.1,207.7,1800,1585,120,96,41,109,0.094,90,0,0.0,0.0,0.0,0,0,0
2023-05-31,2023,5,2,0,0,56,11,0,63.7,180.4,1800,1555,120,81,42,113,0.062,86,0,0.0,0.0,0.0,0,0,0
2023-06-01,2023,6,3,0,0,52,12,2,52.9,170.5,1800,1448,120,88,40,106,0.115,76,0,0.0,0.0,0.0,0,0,0
2023-06-02,2023,6,4,0,0,50,14,3,73.7,186.2,1800,1612,120,97,41,109,0.091,82,0,0.0,0.0,0.0,0,0,0
2023-06-03,2023,6,5,1,0,59,14,3,73.4,187.1,1800,1552,120,93,33,89,0.072,78,0,0.0,0.0,0.0,0,0,0
2023-06-04,2023,6,6,1,0,61,20,3,83.8,203.9,1800,1516,120,82,34,90,0.067,77,0,0.0,0.0,0.0,0,0,0
2023-06-05,2023,6,0,0,0,56,15,3,63.3,170.0,1800,1602,120,94,41,110,0.085,84,0,0.0,0.0,0.0,0,0,0
2023-06-06,2023,6,1,0,0,53,13,1,54.9,163.0,1800,1525,120,77,43,114,0.047,83,0,0.0,0.0,0.0,0,0,0
2023-06-07,2023,6,2,0,0,55,18,1,77.3,180.0,1800,1515,120,89,41,109,0.094,86,0,0.0,0.0,0.0,0,0,0
2023-06-08,2023,6,3,0,0,50,20,0,48.5,151.4,1800,1481,120,97,42,113,0.061,88,0,0.0,0.0,0.0,0,0,0
2023-06-09,2023,6,4,0,0,56,19,2,62.6,188.9,1800,1548,120,90,41,110,0.087,79,0,0.0,0.0,0.0,0,0,0
2023-06-10,2023,6,5,1,0,55,15,2,82.4,176.7,1800,1542,120,87,33,89,0.07,89,0,0.0,0.0,0.0,0,0,0
2023-06-11,2023,6,6,1,0,60,18,1,59.0,195.1,1800,1517,120,95,33,89,0.075,83,0,0.0,0.0,0.0,0,0,0
2023-06-12,2023,6,0,0,0,60,20,4,71.3,183.9,1800,1474,120,96,42,112,0.065,79,0,0.0,0.0,0.0,0,0,0
2023-06-13,2023,6,1,0,0,56,12,2,64.6,173.4,1800,1524,120,98,42,111,0.077,88,0,0.0,0.0,0.0,0,0,0
2023-06-14,2023,6,2,0,0,56,23,1,66.4,166.2,1800,1513,120,95,40,106,0.118,76,0,0.0,0.0,0.0,0,0,0
2023-06-15,2023,6,3,0,0,49,19,2,47.9,148.2,1800,1444,120,96,40,107,0.108,83,0,0.0,0.0,0.0,0,0,0
2023-06-16,2023,6,4,0,0,50,11,3,54.1,156.0,1800,1437,120,94,41,110,0.087,86,0,0.0,0.0,0.0,0,0,0
2023-06-17,2023,6,5,1,0,55,22,2,73.9,212.6,1800,1547,120,92,33,88,0.079,79,0,0.0,0.0,0.0,0,0,0
2023-06-18,2023,6,6,1,0,57,17,2,73.5,165.9,1800,1376,120,91,33,87,0.097,88,0,0.0,0.0,0.0,0,0,0
2023-06-19,2023,6,0,0,0,55,16,1,93.6,177.5,1800,1528,120,89,40,108,0.103,79,0,0.0,0.0,0.0,0,0,0
2023-06-20,2023,6,1,0,0,57,11,2,83.2,201.9,1800,1491,120,83,42,112,0.063,88,0,0.0,0.0,0.0,0,0,0
2023-06-21,2023,6,2,0,0,51,17,2,46.4,150.9,1800,1587,120,84,41,111,0.078,76,0,0.0,0.0,0.0,0,0,0
2023-06-22,2023,6,3,0,0,53,17,0,64.4,189.5,1800,1490,120,88,43,115,0.044,77,0,0.0,0.0,0.0,0,0,0
2023-06-23,2023,6,4,0,0,46,14,0,60.1,155.1,1800,1552,120,91,40,108,0.102,81,0,0.0,0.0,0.0,0,0,0
2023-06-24,2023,6,5,1,0,54,16,0,77.5,173.7,1800,1495,120,99,32,84,0.121,88,0,0.0,0.0,0.0,0,0,0
2023-06-25,2023,6,6,1,0,50,15,3,49.2,147.4,1800,1523,120,90,33,88,0.082,77,0,0.0,0.0,0.0,0,0,0
2023-06-26,2023,6,0,0,0,58,20,1,61.1,200.3,1800,1556,120,96,43,116,0.037,88,0,0.0,0.0,0.0,0,0,0
2023-06-27,2023,6,1,0,0,55,16,0,53.8,143.1,1800,1492,120,96,41,109,0.092,78,0,0.0,0.0,0.0,0,0,0
2023-06-28,2023,6,2,0,0,52,20,2,87.3,224.8,1800,1570,120,89,42,113,0.062,82,0,0.0,0.0,0.0,0,0,0
2023-06-29,2023,6,3,0,0,49,19,0,63.7,194.1,1800,1463,120,94,42,112,0.067,80,0,0.0,0.0,0.0,0,0,0
2023-06-30,2023,6,4,0,0,52,18,0,95.0,238.3,1800,1532,120,89,41,109,0.093,77,0,0.0,0.0,0.0,0,0,0
2023-07-01,2023,7,5,1,0,59,26,0,79.2,187.5,1800,1569,120,98,33,88,0.085,89,0,0.0,0.0,0.0,0,0,0
2023-07-02,2023,7,6,1,0,55,18,0,85.6,191.9,1800,1555,120,94,33,89,0.07,82,0,0.0,0.0,0.0,0,0,0
2023-07-03,2023,7,0,0,0,63,24,3,62.7,229.4,1800,1623,120,83,42,112,0.067,85,0,0.0,0.0,0.0,0,0,0
2023-07-04,2023,7,1,0,0,59,17,0,57.6,152.4,1800,1478,120,91,41,110,0.083,84,0,0.0,0.0,0.0,0,0,0
2023-07-05,2023,7,2,0,0,54,17,0,46.8,133.7,1800,1445,120,100,42,111,0.072,83,0,0.0,0.0,0.0,0,0,0
2023-07-06,2023,7,3,0,0,53,18,2,69.6,145.2,1800,1466,120,89,42,113,0.058,84,0,0.0,0.0,0.0,0,0,0
2023-07-07,2023,7,4,0,0,54,16,3,64.0,194.0,1800,1555,120,93,42,111,0.073,88,0,0.0,0.0,0.0,0,0,0
2023-07-08,2023,7,5,1,0,74,28,2,90.8,195.1,1800,1546,120,93,33,88,0.087,85,0,0.0,0.0,0.0,1,0,0
2023-07-09,2023,7,6,1,0,67,20,2,82.0,179.9,1800,1525,120,84,33,89,0.076,83,0,0.0,0.0,0.0,1,0,0
2023-07-10,2023,7,0,0,0,70,16,1,47.7,172.1,1800,1459,120,93,43,114,0.052,85,0,0.0,0.0,0.0,1,0,0
2023-07-11,2023,7,1,0,0,64,15,3,55.0,180.1,1800,1561,120,82,41,108,0.1,84,0,0.0,0.0,0.0,1,0,0
2023-07-12,2023,7,2,0,0,58,16,0,51.9,158.3,1800,1453,120,86,44,117,0.025,81,0,0.0,0.0,0.0,1,0,0
2023-07-13,2023,7,3,0,0,55,21,2,56.0,160.6,1800,1582,120,96,42,111,0.071,84,0,0.0,0.0,0.0,1,0,0
2023-07-14,2023,7,4,0,1,60,17,2,68.3,188.5,1800,1674,120,92,31,84,0.068,82,0,0.0,0.0,0.0,1,0,0
2023-07-15,2023,7,5,1,0,67,21,1,53.9,166.3,1800,1539,120,88,33,88,0.083,86,0,0.0,0.0,0.0,1,0,0
2023-07-16,2023,7,6,1,0,68,21,3,76.3,213.6,1800,1551,120,93,33,87,0.091,90,0,0.0,0.0,0.0,1,0,0
2023-07-17,2023,7,0,0,0,71,26,0,54.0,142.2,1800,1493,120,90,40,108,0.103,89,0,0.0,0.0,0.0,1,0,0
2023-07-18,2023,7,1,0,0,63,20,0,53.5,157.1,1800,1421,120,90,42,112,0.066,87,0,0.0,0.0,0.0,1,0,0
2023-07-19,2023,7,2,0,0,64,15,0,54.2,174.1,1800,1487,120,94,41,109,0.092,84,0,0.0,0.0,0.0,1,0,0
2023-07-20,2023,7,3,0,0,61,18,0,59.5,153.2,1800,1460,120,86,41,110,0.084,86,0,0.0,0.0,0.0,1,0,0
2023-07-21,2023,7,4,0,0,60,22,3,55.2,192.6,1800,1441,120,90,43,115,0.046,78,0,0.0,0.0,0.0,1,0,0
2023-07-22,2023,7,5,1,0,65,20,2,90.5,233.6,1800,1612,120,88,32,85,0.118,82,0,0.0,0.0,0.0,1,0,0
2023-07-23,2023,7,6,1,0,60,16,2,92.1,193.5,1800,1534,120,80,34,91,0.051,79,0,0.0,0.0,0.0,0,0,0
2023-07-24,2023,7,0,0,0,62,20,1,54.7,166.5,1800,1540,120,84,41,109,0.088,75,0,0.0,0.0,0.0,0,0,0
2023-07-25,2023,7,1,0,0,53,15,0,72.4,169.4,1800,1503,120,99,41,109,0.088,90,0,0.0,0.0,0.0,0,0,0
2023-07-26,2023,7,2,0,0,53,14,2,71.6,210.3,1800,1510,120,92,41,110,0.086,88,0,0.0,0.0,0.0,0,0,0
2023-07-27,2023,7,3,0,0,53,19,2,65.5,179.3,1800,1571,120,82,42,112,0.07,83,0,0.0,0.0,0.0,0,0,0
2023-07-28,2023,7,4,0,0,51,20,1,72.6,221.5,1800,1517,120,81,41,108,0.097,79,0,0.0,0.0,0.0,0,0,0
2023-07-29,2023,7,5,1,0,59,13,4,58.5,188.8,1800,1548,120,89,34,91,0.049,85,0,0.0,0.0,0.0,0,0,0
2023-07-30,2023,7,6,1,0,54,17,1,63.7,165.9,1800,1509,120,99,33,88,0.079,82,0,0.0,0.0,0.0,0,0,0
2023-07-31,2023,7,0,0,0,66,19,4,76.8,194.5,1800,1501,120,89,42,112,0.069,87,0,0.0,0.0,0.0,0,0,0
2023-08-01,2023,8,1,0,0,58,20,1,64.8,175.4,1800,1446,120,101,42,112,0.069,90,0,0.0,0.0,0.11,0,0,0
2023-08-02,2023,8,2,0,0,51,18,0,51.6,153.7,1800,1416,120,95,41,109,0.091,80,0,0.0,0.0,0.118,0,0,0
2023-08-03,2023,8,3,0,0,51,19,1,79.3,190.5,1800,1509,120,96,40,107,0.105,78,0,0.0,0.0,0.126,0,0,0
2023-08-04,2023,8,4,0,0,46,13,1,55.7,160.9,1800,1527,120,85,42,111,0.076,79,0,0.0,0.0,0.133,0,0,0
2023-08-05,2023,8,5,1,0,54,10,3,71.9,187.7,1800,1455,120,99,32,86,0.099,76,0,0.0,0.0,0.142,0,0,0
2023-08-06,2023,8,6,1,0,56,12,2,71.7,186.2,1800,1523,120,92,33,88,0.085,80,0,0.0,0.0,0.15,0,0,0
2023-08-07,2023,8,0,0,0,58,19,0,59.8,151.9,1800,1528,120,99,42,112,0.066,75,0,0.0,0.0,0.158,0,0,0
2023-08-08,2023,8,1,0,0,58,22,0,50.5,166.7,1800,1409,120,89,41,111,0.079,76,0,0.0,0.0,0.167,0,0,0
2023-08-09,2023,8,2,0,0,57,17,4,64.5,151.3,1800,1477,120,95,41,111,0.078,78,0,0.0,0.0,0.175,0,0,0
2023-08-10,2023,8,3,0,0,48,12,2,56.4,183.0,1800,1548,120,97,42,112,0.07,76,0,0.0,0.0,0.184,0,0,0
2023-08-11,2023,8,4,0,0,50,14,2,70.3,184.6,1800,1548,120,94,41,109,0.093,85,0,0.0,0.0,0.192,0,0,0
2023-08-12,2023,8,5,1,0,58,16,2,83.5,193.6,1800,1465,120,97,33,87,0.09,75,0,0.0,0.0,0.201,0,0,0
2023-08-13,2023,8,6,1,0,62,19,3,74.2,183.7,1800,1536,120,94,34,91,0.053,87,0,0.0,0.0,0.209,0,0,0
2023-08-14,2023,8,0,0,0,57,15,2,85.2,200.4,1800,1583,120,92,43,114,0.052,77,0,0.0,0.0,0.218,0,0,0
2023-08-15,2023,8,1,0,1,60,18,0,72.6,198.6,1800,1571,120,105,31,82,0.094,75,0,0.0,0.0,0.226,0,0,0
2023-08-16,2023,8,2,0,0,58,24,1,77.3,173.2,1800,1524,120,102,42,112,0.069,74,0,0.0,0.0,0.234,0,0,0
2023-08-17,2023,8,3,0,0,47,16,1,47.2,159.9,1800,1504,120,92,41,109,0.092,84,0,0.0,0.0,0.241,0,0,0
2023-08-18,2023,8,4,0,0,50,14,0,54.9,179.2,1800,1496,120,100,40,108,0.102,77,0,0.0,0.0,0.249,0,0,0
2023-08-19,2023,8,5,1,0,65,21,2,78.3,185.2,1800,1556,120,92,34,90,0.061,81,0,0.0,0.0,0.256,1,0,0
2023-08-20,2023,8,6,1,0,64,18,3,90.3,192.8,1800,1541,120,90,34,90,0.058,75,0,0.0,0.0,0.262,1,0,0
2023-08-21,2023,8,0,0,0,73,19,2,74.5,186.9,1800,1565,120,103,40,106,0.12,88,0,0.0,0.0,0.268,1,0,0
2023-08-22,2023,8,1,0,0,66,19,3,55.8,189.2,1800,1538,120,87,41,109,0.094,75,0,0.0,0.0,0.274,1,0,0
2023-08-23,2023,8,2,0,0,56,21,3,74.6,178.1,1800,1576,120,103,41,111,0.078,79,0,0.0,0.0,0.279,1,0,0
2023-08-24,2023,8,3,0,0,61,16,3,91.4,213.1,1800,1537,120,96,42,112,0.068,86,0,0.0,0.0,0.284,1,0,0
2023-08-25,2023,8,4,0,0,59,17,0,63.1,181.1,1800,1574,120,96,42,111,0.077,76,0,0.0,0.0,0.288,1,0,0
2023-08-26,2023,8,5,1,0,70,15,2,95.5,222.1,1800,1579,120,100,34,90,0.063,77,0,0.0,0.0,0.292,1,0,0
2023-08-27,2023,8,6,1,0,64,21,1,83.7,223.0,1800,1489,120,101,32,86,0.105,85,0,0.0,0.0,0.295,1,0,0
2023-08-28,2023,8,0,0,0,59,13,2,53.8,136.4,1800,1435,120,93,42,111,0.072,77,0,0.0,0.0,0.297,0,0,0
2023-08-29,2023,8,1,0,0,59,19,1,64.4,194.4,1800,1616,120,102,40,107,0.109,73,0,0.0,0.0,0.299,0,0,0
2023-08-30,2023,8,2,0,0,55,18,3,64.4,159.3,1800,1547,120,98,41,110,0.079,79,0,0.0,0.0,0.3,0,0,0
2023-08-31,2023,8,3,0,0,52,18,0,62.9,202.6,1800,1440,120,90,42,112,0.066,73,0,0.0,0.0,0.3,0,0,0
2023-09-01,2023,9,4,0,0,52,12,1,54.7,202.5,1800,1500,120,97,41,111,0.079,86,0,0.0,0.0,0.3,0,0,0
2023-09-02,2023,9,5,1,0,64,24,0,90.2,231.8,1800,1581,120,106,35,93,0.035,82,0,0.0,0.0,0.299,0,0,0
2023-09-03,2023,9,6,1,0,59,12,5,100.2,201.5,1800,1524,120,108,33,88,0.085,81,0,0.0,0.0,0.297,0,0,0
2023-09-04,2023,9,0,0,0,67,15,1,52.8,180.8,1800,1511,120,102,41,110,0.084,75,0,0.0,0.0,0.295,0,0,0
2023-09-05,2023,9,1,0,0,57,20,1,93.6,256.0,1800,1614,120,90,40,108,0.103,83,0,0.0,0.0,0.292,0,0,0
2023-09-06,2023,9,2,0,0,58,23,2,51.8,145.1,1800,1482,120,100,43,114,0.049,83,0,0.0,0.0,0.288,0,0,0
2023-09-07,2023,9,3,0,0,53,14,0,47.6,180.6,1800,1495,120,102,40,107,0.11,73,0,0.0,0.0,0.284,0,0,0
2023-09-08,2023,9,4,0,0,53,18,0,60.0,178.3,1800,1549,120,101,40,108,0.103,86,0,0.0,0.0,0.279,0,0,0
2023-09-09,2023,9,5,1,0,64,20,2,75.8,187.3,1800,1559,120,102,32,85,0.112,81,0,0.0,0.0,0.274,0,0,0
2023-09-10,2023,9,6,1,0,63,24,2,83.7,180.2,1800,1564,120,99,33,88,0.085,84,0,0.0,0.0,0.268,0,0,0
2023-09-11,2023,9,0,0,0,64,16,1,64.1,164.9,1800,1586,120,96,40,107,0.107,76,0,0.0,0.0,0.262,0,0,0
2023-09-12,2023,9,1,0,0,65,25,1,65.0,165.0,1800,1547,120,93,42,113,0.057,74,0,0.0,0.0,0.256,0,0,0
2023-09-13,2023,9,2,0,0,56,23,2,62.4,173.8,1800,1563,120,85,40,108,0.1,83,0,0.0,0.0,0.249,0,0,0
2023-09-14,2023,9,3,0,0,55,17,2,53.9,147.3,1800,1522,120,98,42,112,0.07,84,0,0.0,0.0,0.241,0,0,0
2023-09-15,2023,9,4,0,0,58,12,1,84.4,188.3,1800,1539,120,97,43,114,0.053,78,0,0.0,0.0,0.234,0,0,0
2023-09-16,2023,9,5,1,0,60,24,3,76.9,180.3,1800,1541,120,99,34,90,0.063,73,0,0.0,0.0,0.226,0,0,0
2023-09-17,2023,9,6,1,0,62,14,3,96.1,202.4,1800,1546,120,87,33,88,0.085,85,0,0.0,0.0,0.218,0,0,0
2023-09-18,2023,9,0,0,0,64,18,1,73.0,190.8,1800,1576,120,99,42,112,0.069,76,0,0.0,0.0,0.209,0,0,0
2023-09-19,2023,9,1,0,0,60,13,1,88.5,226.3,1800,1564,120,107,41,109,0.092,78,0,0.0,0.0,0.201,0,0,0
2023-09-20,2023,9,2,0,0,61,18,0,70.8,171.1,1800,1536,120,95,43,114,0.048,82,0,0.0,0.0,0.192,0,0,0
2023-09-21,2023,9,3,0,0,52,9,2,52.5,173.2,1800,1489,120,94,43,115,0.042,74,0,0.0,0.0,0.184,0,0,0
2023-09-22,2023,9,4,0,0,50,16,0,61.4,169.1,1800,1536,120,96,40,107,0.112,74,0,0.0,0.0,0.175,0,0,0
2023-09-23,2023,9,5,1,0,66,16,7,66.2,167.4,1800,1530,120,106,32,86,0.102,73,0,0.0,0.0,0.167,0,0,0
2023-09-24,2023,9,6,1,0,69,17,1,74.1,161.2,1800,1542,120,88,34,90,0.063,87,0,0.0,0.0,0.158,0,0,0
2023-09-25,2023,9,0,0,0,64,19,2,80.6,196.3,1800,1650,120,95,41,110,0.084,78,0,0.0,0.0,0.15,0,0,0
2023-09-26,2023,9,1,0,0,55,21,2,48.1,148.8,1800,1502,120,89,40,108,0.104,83,0,0.0,0.0,0.142,0,0,0
2023-09-27,2023,9,2,0,0,55,13,1,57.1,166.4,1800,1553,120,90,41,109,0.092,88,0,0.0,0.0,0.133,0,0,0
2023-09-28,2023,9,3,0,0,54,15,1,81.1,185.8,1800,1587,120,93,41,110,0.086,83,0,0.0,0.0,0.126,0,0,0
2023-09-29,2023,9,4,0,0,55,16,2,77.6,191.2,1800,1534,120,101,40,107,0.105,81,0,0.0,0.0,0.118,0,0,0
2023-09-30,2023,9,5,1,0,58,21,5,75.7,182.7,1800,1655,120,104,34,89,0.068,81,0,0.0,0.0,0.11,0,0,0
2023-10-01,2023,10,6,1,0,70,22,1,75.5,191.3,1800,1527,120,95,33,87,0.089,79,0,0.0,0.331,0.0,0,0,0
2023-10-02,2023,10,0,0,0,74,23,0,53.5,177.6,1800,1566,120,90,41,109,0.088,82,0,0.0,0.342,0.0,0,0,0
2023-10-03,2023,10,1,0,0,62,17,1,60.6,168.8,1800,1506,120,107,41,110,0.083,88,0,0.0,0.353,0.0,0,0,0
2023-10-04,2023,10,2,0,0,65,19,1,65.1,164.0,1800,1531,120,90,41,110,0.081,85,0,0.0,0.364,0.0,0,0,0
2023-10-05,2023,10,3,0,0,67,20,0,73.2,182.6,1800,1564,120,89,41,109,0.09,79,0,0.0,0.376,0.0,0,0,0
2023-10-06,2023,10,4,0,0,64,19,2,77.0,182.8,1800,1597,120,82,41,109,0.09,78,0,0.0,0.387,0.0,0,0,0
2023-10-07,2023,10,5,1,0,67,24,2,79.3,193.9,1800,1569,120,101,34,89,0.069,86,0,0.0,0.399,0.0,0,0,0
2023-10-08,2023,10,6,1,0,68,17,1,100.9,252.6,1800,1620,120,99,32,86,0.106,75,0,0.0,0.411,0.0,0,0,0
2023-10-09,2023,10,0,0,0,75,23,1,67.8,198.6,1800,1548,120,108,42,112,0.071,85,0,0.0,0.423,0.0,0,0,0
2023-10-10,2023,10,1,0,0,62,21,2,67.9,179.7,1800,1536,120,85,41,110,0.086,76,0,0.0,0.435,0.0,0,0,0
2023-10-11,2023,10,2,0,0,64,22,2,69.0,213.7,1800,1700,120,102,41,110,0.085,83,0,0.0,0.447,0.0,0,0,0
2023-10-12,2023,10,3,0,0,60,25,2,54.3,161.8,1800,1576,120,94,41,108,0.098,84,0,0.0,0.46,0.0,0,0,0
2023-10-13,2023,10,4,0,0,69,21,1,62.6,190.0,1800,1517,120,98,43,114,0.049,79,0,0.0,0.472,0.0,0,0,0
2023-10-14,2023,10,5,1,0,68,23,2,74.6,184.3,1800,1519,120,84,32,85,0.109,74,0,0.0,0.485,0.0,0,0,0
2023-10-15,2023,10,6,1,0,75,22,4,60.1,193.7,1800,1506,120,102,33,88,0.078,84,0,0.0,0.497,0.0,0,0,0
2023-10-16,2023,10,0,0,0,69,23,1,82.3,200.4,1800,1608,120,98,40,106,0.117,77,0,0.0,0.51,0.0,0,0,0
2023-10-17,2023,10,1,0,0,70,20,3,55.9,147.7,1800,1539,120,94,41,110,0.083,76,0,0.0,0.522,0.0,0,0,0
2023-10-18,2023,10,2,0,0,65,27,1,72.9,174.3,1800,1566,120,98,41,109,0.092,79,0,0.0,0.535,0.0,0,0,0
2023-10-19,2023,10,3,0,0,59,21,1,53.2,178.3,1800,1556,120,89,39,104,0.131,77,0,0.0,0.548,0.0,0,0,0
2023-10-20,2023,10,4,0,0,65,19,2,64.0,161.0,1800,1600,120,91,41,109,0.088,81,0,0.0,0.56,0.0,0,0,0
2023-10-21,2023,10,5,1,0,73,19,2,70.6,160.6,1800,1515,120,91,32,85,0.119,73,0,0.0,0.573,0.0,0,0,0
2023-10-22,2023,10,6,1,0,68,19,3,91.2,189.4,1800,1504,120,83,33,87,0.095,77,0,0.0,0.585,0.0,0,0,0
2023-10-23,2023,10,0,0,0,68,21,0,59.4,172.9,1800,1574,120,99,40,108,0.103,84,0,0.0,0.598,0.0,0,0,0
2023-10-24,2023,10,1,0,0,69,22,1,74.6,191.1,1800,1595,120,102,41,108,0.096,71,0,0.0,0.611,0.0,0,0,0
2023-10-25,2023,10,2,0,0,61,18,1,68.8,208.2,1800,1582,120,90,40,107,0.112,77,0,0.0,0.623,0.0,0,0,0
2023-10-26,2023,10,3,0,0,61,11,2,54.8,166.4,1800,1521,120,97,41,110,0.082,80,0,0.0,0.635,0.0,0,0,0
2023-10-27,2023,10,4,0,0,64,17,3,50.7,179.5,1800,1602,120,93,42,111,0.076,83,0,0.0,0.648,0.0,0,0,0
2023-10-28,2023,10,5,1,0,64,20,5,80.5,207.1,1800,1525,120,97,33,88,0.083,79,0,0.0,0.66,0.0,0,0,0
2023-10-29,2023,10,6,1,0,64,18,1,69.8,185.8,1800,1538,120,91,32,87,0.098,82,0,0.0,0.672,0.0,0,0,0
2023-10-30,2023,10,0,0,0,77,29,0,73.3,163.2,1800,1516,120,90,41,109,0.092,73,0,0.0,0.683,0.0,0,0,0
2023-10-31,2023,10,1,0,0,67,24,1,81.4,227.7,1800,1638,120,101,40,107,0.111,75,0,0.0,0.695,0.0,0,0,0
2023-11-01,2023,11,2,0,1,65,22,3,66.7,186.4,1800,1611,120,95,30,79,0.123,83,0,0.0,0.707,0.0,0,0,0
2023-11-02,2023,11,3,0,0,72,30,3,67.8,193.4,1800,1610,120,107,42,111,0.078,83,0,0.0,0.718,0.0,0,0,0
2023-11-03,2023,11,4,0,0,72,21,2,68.5,172.7,1800,1646,120,96,41,110,0.083,77,0,0.0,0.729,0.0,0,0,0
2023-11-04,2023,11,5,1,0,74,17,3,87.6,193.4,1800,1731,120,90,34,89,0.069,76,0,0.0,0.74,0.0,0,0,0
2023-11-05,2023,11,6,1,0,72,21,2,88.2,176.3,1800,1487,120,103,31,83,0.139,76,0,0.0,0.75,0.0,0,0,0
2023-11-06,2023,11,0,0,0,85,27,0,69.8,178.6,1800,1540,120,99,40,107,0.104,70,0,0.0,0.761,0.0,0,0,0
2023-11-07,2023,11,1,0,0,78,30,0,64.7,175.9,1800,1547,120,100,40,107,0.108,82,0,0.0,0.771,0.0,0,0,0
2023-11-08,2023,11,2,0,0,79,20,3,63.2,175.5,1800,1535,120,103,42,111,0.072,81,0,0.0,0.781,0.0,0,0,0
2023-11-09,2023,11,3,0,0,70,27,3,59.7,169.0,1800,1523,120,92,41,108,0.099,75,0,0.0,0.79,0.0,0,0,0
2023-11-10,2023,11,4,0,0,72,25,0,58.8,176.5,1800,1566,120,95,40,107,0.109,73,0,0.0,0.799,0.0,0,0,0
2023-11-11,2023,11,5,1,1,80,24,2,109.8,211.8,1800,1517,120,95,22,60,0.094,73,0,0.0,0.808,0.0,0,0,0
2023-11-12,2023,11,6,1,0,81,25,4,84.0,221.9,1800,1601,120,88,32,84,0.121,70,0,0.0,0.817,0.0,0,0,0
2023-11-13,2023,11,0,0,0,86,28,4,69.3,179.7,1800,1586,120,94,38,102,0.146,79,0,0.0,0.825,0.0,0,0,0
2023-11-14,2023,11,1,0,0,82,12,0,67.8,164.0,1800,1610,120,104,41,110,0.081,76,0,0.0,0.833,0.0,0,0,0
2023-11-15,2023,11,2,0,0,70,20,3,73.4,178.1,1800,1612,120,97,41,110,0.08,71,0,0.0,0.84,0.0,0,0,0
2023-11-16,2023,11,3,0,0,68,13,1,71.7,204.3,1800,1617,120,88,41,110,0.083,77,0,0.0,0.847,0.0,0,0,0
2023-11-17,2023,11,4,0,0,70,25,1,53.8,165.0,1800,1565,120,87,39,104,0.133,82,0,0.0,0.854,0.0,0,0,0
2023-11-18,2023,11,5,1,0,81,18,2,104.7,264.1,1800,1700,120,106,32,84,0.121,70,0,0.0,0.86,0.0,0,0,0
2023-11-19,2023,11,6,1,0,84,26,2,73.0,184.3,1800,1598,120,96,32,87,0.098,75,0,0.0,0.866,0.0,0,0,0
2023-11-20,2023,11,0,0,0,81,29,3,62.6,169.4,1800,1485,120,92,40,108,0.102,75,0,0.0,0.871,0.0,0,0,0
2023-11-21,2023,11,1,0,0,75,27,8,57.8,176.0,1800,1532,120,95,41,110,0.085,70,0,0.0,0.876,0.0,0,0,0
2023-11-22,2023,11,2,0,0,73,22,1,77.5,191.1,1800,1493,120,87,40,106,0.119,75,0,0.0,0.881,0.0,0,0,0
2023-11-23,2023,11,3,0,0,69,21,0,66.5,178.8,1800,1588,120,105,41,109,0.094,76,0,0.0,0.885,0.0,0,0,0
2023-11-24,2023,11,4,0,0,75,16,3,108.5,203.5,1800,1580,120,94,41,108,0.096,70,0,0.0,0.888,0.0,0,0,0
2023-11-25,2023,11,5,1,0,69,19,1,106.0,232.7,1800,1562,120,105,32,85,0.114,70,0,0.0,0.891,0.0,0,0,0
2023-11-26,2023,11,6,1,0,75,19,1,101.6,232.9,1800,1696,120,97,32,87,0.098,80,0,0.0,0.894,0.0,0,0,0
2023-11-27,2023,11,0,0,0,80,20,4,63.8,180.8,1800,1617,120,105,41,108,0.097,72,0,0.0,0.896,0.0,0,0,0
2023-11-28,2023,11,1,0,0,68,13,1,87.8,193.1,1800,1627,120,98,40,108,0.102,77,0,0.0,0.898,0.0,0,0,0
2023-11-29,2023,11,2,0,0,69,22,2,67.5,191.8,1800,1537,120,102,40,106,0.117,76,0,0.0,0.899,0.0,0,0,0
2023-11-30,2023,11,3,0,0,67,23,1,58.3,183.1,1800,1534,120,101,39,104,0.135,80,0,0.0,0.9,0.0,0,0,0
2023-12-01,2023,12,4,0,0,84,30,6,76.2,185.2,1800,1608,120,100,40,106,0.113,78,0,0.0,0.9,0.0,0,0,0
2023-12-02,2023,12,5,1,0,96,42,3,74.9,200.5,1800,1615,120,99,32,85,0.118,80,0,0.0,0.9,0.0,0,0,0
2023-12-03,2023,12,6,1,0,91,38,0,68.6,187.4,1800,1505,120,95,32,87,0.098,76,0,0.0,0.899,0.0,0,0,0
2023-12-04,2023,12,0,0,0,94,24,4,70.6,199.8,1800,1596,120,108,41,110,0.087,74,0,0.0,0.898,0.0,0,0,0
2023-12-05,2023,12,1,0,0,91,28,1,77.2,221.4,1800,1606,120,91,40,106,0.115,73,0,0.0,0.896,0.0,0,0,0
2023-12-06,2023,12,2,0,0,89,23,4,67.9,188.0,1800,1594,120,96,40,107,0.105,73,0,0.0,0.894,0.0,0,0,0
2023-12-07,2023,12,3,0,0,78,27,1,51.3,162.3,1800,1561,120,97,42,111,0.073,73,0,0.0,0.891,0.0,0,0,0
2023-12-08,2023,12,4,0,0,81,27,1,65.9,178.8,1800,1576,120,99,41,109,0.095,69,0,0.0,0.888,0.0,0,0,0
2023-12-09,2023,12,5,1,0,95,24,4,90.9,205.6,1800,1595,120,94,32,86,0.1,73,0,0.0,0.885,0.0,0,0,0
2023-12-10,2023,12,6,1,0,91,30,4,78.7,205.7,1800,1609,120,98,33,87,0.091,73,0,0.0,0.881,0.0,0,0,0
2023-12-11,2023,12,0,0,0,101,37,0,68.6,184.5,1800,1637,120,95,39,104,0.131,67,0,0.0,0.876,0.0,0,0,0
2023-12-12,2023,12,1,0,0,91,28,4,70.6,192.9,1800,1662,120,87,40,107,0.111,71,0,0.0,0.871,0.0,0,0,0
2023-12-13,2023,12,2,0,0,88,26,0,70.5,201.6,1800,1588,120,96,39,105,0.128,78,0,0.0,0.866,0.0,0,0,0
2023-12-14,2023,12,3,0,0,78,25,2,98.5,198.8,1800,1579,120,90,40,107,0.106,76,0,0.0,0.86,0.0,0,0,0
2023-12-15,2023,12,4,0,0,87,23,2,84.4,200.7,1800,1647,120,88,40,107,0.111,79,0,0.276,0.854,0.0,0,0,0
2023-12-16,2023,12,5,1,0,94,25,2,97.8,222.1,1800,1657,120,100,33,87,0.091,75,0,0.291,0.847,0.0,0,0,0
2023-12-17,2023,12,6,1,0,89,35,1,65.3,197.6,1800,1601,120,102,32,85,0.11,79,0,0.306,0.84,0.0,0,0,0
2023-12-18,2023,12,0,0,0,93,19,3,95.4,219.2,1800,1668,120,102,40,107,0.111,78,0,0.322,0.833,0.0,0,0,0
2023-12-19,2023,12,1,0,0,97,23,2,82.5,224.0,1800,1679,120,103,41,110,0.083,67,0,0.338,0.825,0.0,0,0,0
2023-12-20,2023,12,2,0,0,86,24,5,88.3,233.6,1800,1696,120,88,40,108,0.1,80,0,0.354,0.817,0.0,0,0,0
2023-12-21,2023,12,3,0,0,81,28,5,71.1,186.7,1800,1723,120,91,40,107,0.105,66,0,0.37,0.808,0.0,0,0,0
2023-12-22,2023,12,4,0,0,88,22,3,70.3,181.3,1800,1581,120,111,40,106,0.12,74,0,0.387,0.799,0.0,0,0,0
2023-12-23,2023,12,5,1,0,101,30,4,110.2,237.7,1800,1630,120,93,32,84,0.121,77,0,0.404,0.79,0.0,0,0,0
2023-12-24,2023,12,6,1,0,85,26,1,97.0,236.8,1800,1630,120,103,32,86,0.101,70,0,0.421,0.781,0.0,0,0,0
2023-12-25,2023,12,0,0,1,100,23,3,106.8,227.2,1800,1625,120,96,30,79,0.122,73,0,0.438,0.771,0.0,0,0,0
2023-12-26,2023,12,1,0,0,91,27,1,82.5,201.2,1800,1596,120,100,40,107,0.109,69,0,0.455,0.761,0.0,0,0,0
2023-12-27,2023,12,2,0,0,96,25,4,83.4,207.9,1800,1551,120,96,42,113,0.056,64,0,0.472,0.75,0.0,0,0,0
2023-12-28,2023,12,3,0,0,87,28,3,91.8,198.0,1800,1637,120,103,40,108,0.104,63,0,0.489,0.74,0.0,0,0,0
2023-12-29,2023,12,4,0,0,92,23,2,81.5,195.6,1800,1591,120,101,39,104,0.135,65,0,0.506,0.729,0.0,0,0,0
2023-12-30,2023,12,5,1,0,91,32,4,90.4,214.7,1800,1638,120,98,33,88,0.08,64,0,0.523,0.718,0.0,0,0,0
2023-12-31,2023,12,6,1,0,91,25,3,78.1,198.1,1800,1591,120,94,32,85,0.116,72,0,0.54,0.707,0.0,0,0,0
2024-01-01,2024,1,0,0,1,107,33,6,79.7,192.2,1800,1576,120,104,29,77,0.148,71,0,0.556,0.695,0.092,0,0,0
2024-01-02,2024,1,1,0,0,93,29,2,73.8,203.9,1800,1649,120,96,40,108,0.102,69,0,0.572,0.683,0.098,0,0,0
2024-01-03,2024,1,2,0,0,88,22,2,72.7,203.9,1800,1645,120,106,40,106,0.117,73,0,0.588,0.672,0.105,0,0,0
2024-01-04,2024,1,3,0,0,83,18,3,65.3,217.2,1800,1669,120,118,41,109,0.092,62,0,0.603,0.66,0.112,0,0,0
2024-01-05,2024,1,4,0,0,88,27,3,82.8,217.6,1800,1756,120,112,38,102,0.151,66,0,0.618,0.648,0.119,0,0,0
2024-01-06,2024,1,5,1,0,95,25,3,103.9,238.6,1800,1654,120,108,32,85,0.117,73,0,0.632,0.635,0.126,0,0,0
2024-01-07,2024,1,6,1,0,98,28,2,107.3,223.9,1800,1666,120,104,32,85,0.12,75,0,0.646,0.623,0.133,0,0,0
2024-01-08,2024,1,0,0,0,105,27,6,87.0,212.7,1800,1582,120,93,38,102,0.146,68,0,0.659,0.611,0.141,0,0,0
2024-01-09,2024,1,1,0,0,85,23,5,79.5,180.8,1800,1572,120,97,39,104,0.133,63,0,0.671,0.598,0.148,0,0,0
2024-01-10,2024,1,2,0,0,76,25,0,102.2,244.7,1800,1727,120,112,40,108,0.102,73,0,0.683,0.585,0.155,0,0,0
2024-01-11,2024,1,3,0,0,88,34,2,75.6,192.9,1800,1592,120,100,40,107,0.107,74,0,0.693,0.573,0.163,0,0,0
2024-01-12,2024,1,4,0,0,92,33,0,88.8,229.4,1800,1586,120,101,39,104,0.13,67,0,0.703,0.56,0.17,0,0,0
2024-01-13,2024,1,5,1,0,90,29,3,86.4,201.6,1800,1641,120,104,32,86,0.108,64,0,0.712,0.548,0.177,0,0,0
2024-01-14,2024,1,6,1,0,86,30,4,85.8,201.8,1800,1638,120,99,33,89,0.078,61,0,0.721,0.535,0.184,0,0,0
2024-01-15,2024,1,0,0,0,102,32,0,80.5,207.8,1800,1595,120,98,40,106,0.119,69,0,0.728,0.522,0.191,0,0,0
2024-01-16,2024,1,1,0,0,98,32,2,64.0,187.6,1800,1627,120,105,41,109,0.091,74,0,0.734,0.51,0.198,0,0,0
2024-01-17,2024,1,2,0,0,95,30,3,92.0,222.9,1800,1710,120,100,38,102,0.153,70,0,0.739,0.497,0.204,0,0,0
2024-01-18,2024,1,3,0,0,87,31,2,63.5,163.2,1800,1600,120,101,39,105,0.124,65,0,0.743,0.485,0.211,0,0,0
2024-01-19,2024,1,4,0,0,85,36,1,52.1,203.9,1800,1568,120,101,40,108,0.102,70,0,0.747,0.472,0.216,0,0,0
2024-01-20,2024,1,5,1,0,91,21,9,93.9,225.2,1800,1694,120,109,32,86,0.106,72,0,0.749,0.46,0.222,0,0,0
2024-01-21,2024,1,6,1,0,95,26,5,78.3,187.5,1800,1669,120,105,33,88,0.082,67,0,0.75,0.447,0.227,0,0,0
2024-01-22,2024,1,0,0,0,99,28,2,69.5,175.8,1800,1609,120,105,41,108,0.098,72,0,0.75,0.435,0.232,0,0,0
2024-01-23,2024,1,1,0,0,89,27,3,70.8,180.1,1800,1557,120,110,39,103,0.14,66,0,0.749,0.423,0.236,0,0,0
2024-01-24,2024,1,2,0,0,96,26,6,70.2,165.2,1800,1601,120,105,38,100,0.164,65,0,0.747,0.411,0.24,0,0,0
2024-01-25,2024,1,3,0,0,91,27,2,76.6,198.0,1800,1638,120,104,39,104,0.134,69,0,0.743,0.399,0.243,0,0,0
2024-01-26,2024,1,4,0,0,92,25,3,83.0,201.5,1800,1703,120,109,40,106,0.117,67,0,0.739,0.387,0.245,0,0,0
2024-01-27,2024,1,5,1,0,90,33,0,101.8,197.1,1800,1583,120,110,32,85,0.11,75,0,0.734,0.376,0.247,0,0,0
2024-01-28,2024,1,6,1,0,98,25,6,124.3,251.5,1800,1633,120,105,32,87,0.099,68,0,0.728,0.364,0.249,0,0,0
2024-01-29,2024,1,0,0,0,103,26,5,83.0,235.4,1800,1673,120,106,38,101,0.159,66,0,0.721,0.353,0.25,0,0,0
2024-01-30,2024,1,1,0,0,95,31,1,78.1,163.0,1800,1507,120,101,40,106,0.113,66,0,0.712,0.342,0.25,0,0,0
2024-01-31,2024,1,2,0,0,91,21,4,95.6,212.0,1800,1690,120,100,38,101,0.159,69,0,0.703,0.331,0.25,0,0,0
2024-02-01,2024,2,3,0,0,80,24,4,77.0,203.9,1800,1548,120,108,39,104,0.136,66,0,0.693,0.0,0.249,0,0,0
2024-02-02,2024,2,4,0,0,83,22,3,77.5,222.7,1800,1628,120,105,42,111,0.073,72,0,0.683,0.0,0.247,0,0,0
2024-02-03,2024,2,5,1,0,90,24,3,98.7,211.2,1800,1623,120,105,33,87,0.094,67,0,0.671,0.0,0.245,0,0,0
2024-02-04,2024,2,6,1,0,88,21,2,94.7,224.0,1800,1667,120,104,33,87,0.094,68,0,0.659,0.0,0.243,0,0,0
2024-02-05,2024,2,0,0,0,85,21,0,77.6,209.7,1800,1637,120,103,40,107,0.105,71,0,0.646,0.0,0.24,0,0,0
2024-02-06,2024,2,1,0,0,86,35,3,67.6,179.0,1800,1478,120,106,40,107,0.105,63,0,0.632,0.0,0.236,0,0,0
2024-02-07,2024,2,2,0,0,78,22,3,72.2,204.3,1800,1563,120,107,38,100,0.165,73,0,0.618,0.0,0.232,0,0,0
2024-02-08,2024,2,3,0,0,72,24,1,63.1,146.5,1800,1611,120,107,41,110,0.083,71,0,0.603,0.0,0.227,0,0,0
2024-02-09,2024,2,4,0,0,86,27,2,82.2,196.5,1800,1592,120,101,40,107,0.109,70,0,0.588,0.0,0.222,0,0,0
2024-02-10,2024,2,5,1,0,93,27,7,95.1,211.9,1800,1627,120,109,32,85,0.116,75,0,0.572,0.0,0.216,0,0,0
2024-02-11,2024,2,6,1,0,92,29,1,69.4,203.9,1800,1642,120,102,32,86,0.103,76,0,0.556,0.0,0.211,0,0,0
2024-02-12,2024,2,0,0,0,91,24,3,75.7,182.8,1800,1631,120,104,40,107,0.104,78,0,0.54,0.0,0.204,0,0,0
2024-02-13,2024,2,1,0,0,90,25,2,82.1,200.5,1800,1585,120,102,41,110,0.081,71,0,0.523,0.0,0.198,0,0,0
2024-02-14,2024,2,2,0,0,78,24,1,65.5,173.6,1800,1495,120,101,40,108,0.103,71,0,0.506,0.0,0.191,0,0,0
2024-02-15,2024,2,3,0,0,77,21,4,74.2,185.7,1800,1569,120,95,40,107,0.11,77,0,0.489,0.0,0.184,0,0,0
2024-02-16,2024,2,4,0,0,73,24,4,74.9,208.5,1800,1614,120,103,40,107,0.106,75,0,0.472,0.0,0.177,0,0,0
2024-02-17,2024,2,5,1,0,86,32,2,93.6,212.9,1800,1531,120,116,32,85,0.11,76,0,0.455,0.0,0.17,0,0,0
2024-02-18,2024,2,6,1,0,84,33,2,72.8,192.5,1800,1622,120,96,31,84,0.126,75,0,0.438,0.0,0.163,0,0,0
2024-02-19,2024,2,0,0,0,84,24,0,66.4,209.0,1800,1636,120,98,40,106,0.116,78,0,0.421,0.0,0.155,0,0,0
2024-02-20,2024,2,1,0,0,83,28,2,77.8,209.3,1800,1592,120,95,41,108,0.098,70,0,0.404,0.0,0.148,0,0,0
2024-02-21,2024,2,2,0,0,77,19,0,48.6,156.5,1800,1418,120,94,42,111,0.072,76,0,0.387,0.0,0.141,0,0,0
2024-02-22,2024,2,3,0,0,81,19,3,58.9,165.5,1800,1513,120,106,41,110,0.083,70,0,0.37,0.0,0.133,0,0,0
2024-02-23,2024,2,4,0,0,80,18,3,78.2,190.4,1800,1682,120,93,41,109,0.09,74,0,0.354,0.0,0.126,0,0,0
2024-02-24,2024,2,5,1,0,83,22,3,88.8,209.5,1800,1549,120,93,32,87,0.099,78,0,0.338,0.0,0.119,0,0,0
2024-02-25,2024,2,6,1,0,84,27,2,88.1,196.5,1800,1470,120,86,33,88,0.083,76,0,0.322,0.0,0.112,0,0,0
2024-02-26,2024,2,0,0,0,88,31,2,69.9,173.8,1800,1642,120,91,42,111,0.074,74,0,0.306,0.0,0.105,0,0,0
2024-02-27,2024,2,1,0,0,81,25,2,78.6,223.9,1800,1575,120,85,42,112,0.068,82,0,0.291,0.0,0.098,0,0,0
2024-02-28,2024,2,2,0,0,72,18,1,70.6,192.0,1800,1632,120,99,42,113,0.058,81,0,0.276,0.0,0.092,0,0,0
2024-02-29,2024,2,3,0,0,69,20,4,71.9,182.2,1800,1563,120,107,42,111,0.075,78,0,0.0,0.0,0.0,0,0,0
2024-03-01,2024,3,4,0,0,62,17,2,63.8,182.5,1800,1559,120,88,43,114,0.051,85,0,0.0,0.0,0.0,0,0,0
2024-03-02,2024,3,5,1,0,65,11,3,61.1,185.7,1800,1554,120,80,34,90,0.06,77,0,0.0,0.0,0.0,0,0,0
2024-03-03,2024,3,6,1,0,71,25,5,71.3,163.9,1800,1572,120,95,33,89,0.072,83,0,0.0,0.0,0.0,0,0,0
2024-03-04,2024,3,0,0,0,75,19,3,61.4,192.8,1800,1657,120,86,43,114,0.053,74,0,0.0,0.0,0.0,0,0,0
2024-03-05,2024,3,1,0,0,62,15,2,73.6,193.0,1800,1587,120,98,41,109,0.088,76,0,0.0,0.0,0.0,0,0,0
2024-03-06,2024,3,2,0,0,64,15,0,43.8,152.1,1800,1449,120,88,41,109,0.095,78,0,0.0,0.0,0.0,0,0,0
2024-03-07,2024,3,3,0,0,65,16,1,64.4,143.0,1800,1559,120,86,42,112,0.069,75,0,0.0,0.0,0.0,0,0,0
2024-03-08,2024,3,4,0,0,67,27,1,52.0,215.1,1800,1596,120,89,42,111,0.071,81,0,0.0,0.0,0.0,0,0,0
2024-03-09,2024,3,5,1,0,73,25,1,71.5,188.8,1800,1599,120,95,33,87,0.091,77,0,0.0,0.0,0.0,0,0,0
2024-03-10,2024,3,6,1,0,69,25,1,71.1,182.4,1800,1511,120,89,34,90,0.066,84,0,0.0,0.0,0.0,0,0,0
2024-03-11,2024,3,0,0,0,71,19,3,64.0,158.4,1800,1597,120,87,42,112,0.064,77,0,0.0,0.0,0.0,0,0,0
2024-03-12,2024,3,1,0,0,63,20,3,55.7,190.5,1800,1585,120,89,40,108,0.104,77,0,0.0,0.0,0.0,0,0,0
2024-03-13,2024,3,2,0,0,65,17,4,55.3,193.1,1800,1673,120,82,41,108,0.098,90,0,0.0,0.0,0.0,0,0,0
2024-03-14,2024,3,3,0,0,63,18,2,52.3,201.4,1800,1494,120,92,41,109,0.092,85,0,0.0,0.0,0.0,0,0,0
2024-03-15,2024,3,4,0,0,68,24,0,54.8,159.8,1800,1507,120,79,41,108,0.099,89,0,0.0,0.0,0.0,0,0,0
2024-03-16,2024,3,5,1,0,73,20,1,91.2,206.4,1800,1518,120,87,35,92,0.04,82,0,0.0,0.0,0.0,0,0,0
2024-03-17,2024,3,6,1,0,69,24,3,64.5,168.7,1800,1508,120,95,32,86,0.107,76,0,0.0,0.0,0.0,0,0,0
2024-03-18,2024,3,0,0,0,69,17,0,62.8,192.9,1800,1486,120,92,41,109,0.088,84,0,0.0,0.0,0.0,0,0,0
2024-03-19,2024,3,1,0,0,67,22,2,43.7,151.5,1800,1385,120,94,40,108,0.1,83,0,0.0,0.0,0.0,0,0,0
2024-03-20,2024,3,2,0,0,65,23,1,57.1,183.8,1800,1511,120,90,41,109,0.088,75,0,0.0,0.0,0.0,0,0,0
2024-03-21,2024,3,3,0,0,61,18,2,64.6,195.8,1800,1554,120,97,41,110,0.081,88,0,0.0,0.0,0.0,0,0,0
2024-03-22,2024,3,4,0,0,62,20,0,59.0,165.8,1800,1508,120,96,42,111,0.074,84,0,0.0,0.0,0.0,0,0,0
2024-03-23,2024,3,5,1,0,70,20,0,75.4,219.3,1800,1639,120,93,33,88,0.087,86,0,0.0,0.0,0.0,0,0,0
2024-03-24,2024,3,6,1,0,67,14,2,92.2,209.2,1800,1535,120,96,33,89,0.074,82,0,0.0,0.0,0.0,0,0,0
2024-03-25,2024,3,0,0,0,72,29,0,71.5,211.9,1800,1604,120,95,41,108,0.097,84,0,0.0,0.0,0.0,0,0,0
2024-03-26,2024,3,1,0,0,69,24,2,52.3,158.9,1800,1549,120,87,43,114,0.048,79,0,0.0,0.0,0.0,0,0,0
2024-03-27,2024,3,2,0,0,63,17,2,68.1,182.2,1800,1579,120,82,42,112,0.069,90,0,0.0,0.0,0.0,0,0,0
2024-03-28,2024,3,3,0,0,63,14,4,64.8,170.9,1800,1550,120,93,40,105,0.121,81,0,0.0,0.0,0.0,0,0,0
2024-03-29,2024,3,4,0,0,65,26,0,63.0,169.5,1800,1608,120,93,42,112,0.067,77,0,0.0,0.0,0.0,0,0,0
2024-03-30,2024,3,5,1,0,64,23,4,75.9,181.1,1800,1538,120,97,33,89,0.075,76,0,0.0,0.0,0.0,0,0,0
2024-03-31,2024,3,6,1,0,67,17,1,81.3,184.9,1800,1561,120,84,34,90,0.062,85,0,0.0,0.0,0.0,0,0,0
2024-04-01,2024,4,0,0,1,75,24,1,86.2,200.7,1800,1545,120,85,31,82,0.087,90,0,0.0,0.0,0.0,0,0,0
2024-04-02,2024,4,1,0,0,58,16,2,68.8,187.7,1800,1510,120,93,42,112,0.065,88,0,0.0,0.0,0.0,0,0,0
2024-04-03,2024,4,2,0,0,52,13,0,83.9,173.4,1800,1547,120,90,42,111,0.076,86,0,0.0,0.0,0.0,0,0,0
2024-04-04,2024,4,3,0,0,51,9,0,70.2,199.3,1800,1646,120,79,41,108,0.097,90,0,0.0,0.0,0.0,0,0,0
2024-04-05,2024,4,4,0,0,58,16,3,40.5,151.1,1800,1511,120,92,42,112,0.066,86,0,0.0,0.0,0.0,0,0,0
2024-04-06,2024,4,5,1,0,62,24,3,63.5,163.5,1800,1548,120,79,33,87,0.096,80,0,0.0,0.0,0.0,0,0,0
2024-04-07,2024,4,6,1,0,62,22,1,90.5,213.8,1800,1593,120,84,33,87,0.096,84,0,0.0,0.0,0.0,0,0,0
2024-04-08,2024,4,0,0,0,71,20,1,52.0,185.3,1800,1587,120,98,40,108,0.101,76,0,0.0,0.0,0.0,0,0,0
2024-04-09,2024,4,1,0,0,54,17,0,45.6,170.6,1800,1526,120,101,41,110,0.083,78,0,0.0,0.0,0.0,0,0,0
2024-04-10,2024,4,2,0,0,59,17,2,45.8,157.5,1800,1397,120,83,38,103,0.145,81,0,0.0,0.0,0.0,0,0,0
2024-04-11,2024,4,3,0,0,60,17,4,67.7,189.5,1800,1553,120,88,40,108,0.101,78,0,0.0,0.0,0.0,0,0,0
2024-04-12,2024,4,4,0,0,55,16,0,52.5,148.4,1800,1406,120,90,41,110,0.086,89,0,0.0,0.0,0.0,0,0,0
2024-04-13,2024,4,5,1,0,61,18,1,78.6,185.3,1800,1605,120,101,34,90,0.062,90,0,0.0,0.0,0.0,0,0,0
2024-04-14,2024,4,6,1,0,60,15,1,67.4,192.5,1800,1535,120,87,33,89,0.078,81,0,0.0,0.0,0.0,0,0,0
2024-04-15,2024,4,0,0,0,64,19,2,60.3,174.0,1800,1579,120,87,40,107,0.109,86,0,0.0,0.0,0.0,0,0,0
2024-04-16,2024,4,1,0,0,61,23,1,58.6,144.2,1800,1477,120,99,40,106,0.114,81,0,0.0,0.0,0.0,0,0,0
2024-04-17,2024,4,2,0,0,62,17,4,50.0,142.8,1800,1442,120,88,40,107,0.11,77,0,0.0,0.0,0.0,0,0,0
2024-04-18,2024,4,3,0,0,61,17,0,62.4,185.2,1800,1540,120,94,41,109,0.096,80,0,0.0,0.0,0.0,0,0,0
2024-04-19,2024,4,4,0,0,57,24,1,51.2,174.9,1800,1524,120,81,43,113,0.055,79,0,0.0,0.0,0.0,0,0,0
2024-04-20,2024,4,5,1,0,68,19,2,67.5,172.6,1800,1499,120,89,33,87,0.09,80,0,0.0,0.0,0.0,0,0,0
2024-04-21,2024,4,6,1,0,62,18,3,91.2,199.7,1800,1530,120,80,34,91,0.055,78,0,0.0,0.0,0.0,0,0,0
2024-04-22,2024,4,0,0,0,73,25,3,62.4,163.9,1800,1675,120,84,43,114,0.05,77,0,0.0,0.0,0.0,0,0,0
2024-04-23,2024,4,1,0,0,62,16,1,48.7,181.3,1800,1571,120,95,41,110,0.085,78,0,0.0,0.0,0.0,0,0,0
2024-04-24,2024,4,2,0,0,58,18,0,67.9,203.1,1800,1582,120,90,41,109,0.09,89,0,0.0,0.0,0.0,0,0,0
2024-04-25,2024,4,3,0,0,57,17,3,57.4,177.6,1800,1571,120,88,41,108,0.098,76,0,0.0,0.0,0.0,0,0,0
2024-04-26,2024,4,4,0,0,67,18,2,65.6,185.6,1800,1605,120,86,41,109,0.09,80,0,0.0,0.0,0.0,0,0,0
2024-04-27,2024,4,5,1,0,65,17,2,94.2,194.3,1800,1515,120,89,33,87,0.091,83,0,0.0,0.0,0.0,0,0,0
2024-04-28,2024,4,6,1,0,60,19,3,70.4,181.1,1800,1415,120,92,34,90,0.06,80,0,0.0,0.0,0.0,0,0,0
2024-04-29,2024,4,0,0,0,70,22,2,57.3,156.7,1800,1515,120,96,41,111,0.078,83,0,0.0,0.0,0.0,0,0,0
2024-04-30,2024,4,1,0,0,61,18,1,65.6,190.9,1800,1569,120,74,43,114,0.05,76,0,0.0,0.0,0.0,0,0,0
2024-05-01,2024,5,2,0,1,56,12,1,85.8,191.4,1800,1469,120,85,32,86,0.04,85,0,0.0,0.0,0.0,0,0,0
2024-05-02,2024,5,3,0,0,55,21,0,52.7,148.1,1800,1511,120,91,41,109,0.095,83,0,0.0,0.0,0.0,0,0,0
2024-05-03,2024,5,4,0,0,55,18,0,70.1,156.7,1800,1484,120,89,42,112,0.065,85,0,0.0,0.0,0.0,0,0,0
2024-05-04,2024,5,5,1,0,60,18,1,94.2,225.6,1800,1602,120,92,32,87,0.097,84,0,0.0,0.0,0.0,0,0,0
2024-05-05,2024,5,6,1,0,59,21,2,73.8,164.5,1800,1561,120,92,32,86,0.102,82,0,0.0,0.0,0.0,0,0,0
2024-05-06,2024,5,0,0,0,64,19,2,70.2,191.1,1800,1556,120,88,42,112,0.068,80,0,0.0,0.0,0.0,0,0,0
2024-05-07,2024,5,1,0,0,60,18,0,59.9,180.7,1800,1555,120,87,41,109,0.092,78,0,0.0,0.0,0.0,0,0,0
2024-05-08,2024,5,2,0,1,51,13,1,76.3,188.2,1800,1519,120,89,31,84,0.067,83,0,0.0,0.0,0.0,0,0,0
2024-05-09,2024,5,3,0,1,57,18,0,68.2,197.5,1800,1532,120,97,32,86,0.043,75,0,0.0,0.0,0.0,0,0,0
2024-05-10,2024,5,4,0,0,52,18,0,59.9,182.3,1800,1457,120,86,41,110,0.082,80,0,0.0,0.0,0.0,0,0,0
2024-05-11,2024,5,5,1,0,55,18,0,68.0,184.2,1800,1403,120,90,33,89,0.071,85,0,0.0,0.0,0.0,0,0,0
2024-05-12,2024,5,6,1,0,59,23,2,64.8,161.6,1800,1529,120,91,33,89,0.071,77,0,0.0,0.0,0.0,0,0,0
2024-05-13,2024,5,0,0,0,63,17,1,54.8,165.1,1800,1538,120,99,40,106,0.12,76,0,0.0,0.0,0.0,0,0,0
2024-05-14,2024,5,1,0,0,57,17,2,53.1,182.1,1800,1586,120,88,43,114,0.049,85,0,0.0,0.0,0.0,0,0,0
2024-05-15,2024,5,2,0,0,57,27,1,60.8,208.3,1800,1606,120,96,41,109,0.088,81,0,0.0,0.0,0.0,0,0,0
2024-05-16,2024,5,3,0,0,49,11,3,90.2,174.0,1800,1606,120,97,42,113,0.06,87,0,0.0,0.0,0.0,0,0,0
2024-05-17,2024,5,4,0,0,54,19,1,50.5,152.8,1800,1467,120,90,41,108,0.098,89,0,0.0,0.0,0.0,0,0,0
2024-05-18,2024,5,5,1,0,57,19,3,61.3,178.7,1800,1502,120,89,33,88,0.086,89,0,0.0,0.0,0.0,0,0,0
2024-05-19,2024,5,6,1,0,58,14,1,108.6,234.9,1800,1547,120,88,33,88,0.088,81,0,0.0,0.0,0.0,0,0,0
2024-05-20,2024,5,0,0,1,67,10,2,89.3,193.0,1800,1658,120,88,32,85,0.061,79,0,0.0,0.0,0.0,0,0,0
2024-05-21,2024,5,1,0,0,55,17,1,63.1,181.5,1800,1601,120,95,42,112,0.065,84,0,0.0,0.0,0.0,0,0,0
2024-05-22,2024,5,2,0,0,57,20,5,62.8,204.3,1800,1581,120,91,41,108,0.099,84,0,0.0,0.0,0.0,0,0,0
2024-05-23,2024,5,3,0,0,53,13,0,56.7,187.9,1800,1500,120,91,40,106,0.115,84,0,0.0,0.0,0.0,0,0,0
2024-05-24,2024,5,4,0,0,50,13,2,65.8,173.4,1800,1473,120,83,41,109,0.09,80,0,0.0,0.0,0.0,0,0,0
2024-05-25,2024,5,5,1,0,53,16,2,95.4,207.7,1800,1564,120,84,34,90,0.062,76,0,0.0,0.0,0.0,0,0,0
2024-05-26,2024,5,6,1,0,59,10,0,77.0,169.3,1800,1462,120,103,33,88,0.087,78,0,0.0,0.0,0.0,0,0,0
2024-05-27,2024,5,0,0,0,62,20,0,67.8,198.1,1800,1508,120,89,39,105,0.129,77,0,0.0,0.0,0.0,0,0,0
2024-05-28,2024,5,1,0,0,59,15,1,84.2,197.5,1800,1515,120,85,41,110,0.082,77,0,0.0,0.0,0.0,0,0,0
2024-05-29,2024,5,2,0,0,55,16,1,59.1,183.4,1800,1607,120,99,40,107,0.109,89,0,0.0,0.0,0.0,0,0,0
2024-05-30,2024,5,3,0,0,54,8,3,41.9,144.6,1800,1502,120,92,42,112,0.065,75,0,0.0,0.0,0.0,0,0,0
2024-05-31,2024,5,4,0,0,58,12,2,50.7,145.6,1800,1389,120,93,41,111,0.079,84,0,0.0,0.0,0.0,0,0,0
2024-06-01,2024,6,5,1,0,53,17,2,72.8,173.9,1800,1544,120,89,33,87,0.092,89,0,0.0,0.0,0.0,0,0,0
2024-06-02,2024,6,6,1,0,53,14,4,72.7,195.4,1800,1479,120,88,33,88,0.088,80,0,0.0,0.0,0.0,0,0,0
2024-06-03,2024,6,0,0,0,57,19,0,54.1,171.0,1800,1519,120,89,42,112,0.065,83,0,0.0,0.0,0.0,0,0,0
2024-06-04,2024,6,1,0,0,56,17,2,51.6,168.7,1800,1512,120,82,42,112,0.064,85,0,0.0,0.0,0.0,0,0,0
2024-06-05,2024,6,2,0,0,55,17,5,41.8,159.4,1800,1502,120,89,41,108,0.1,80,0,0.0,0.0,0.0,0,0,0
2024-06-06,2024,6,3,0,0,49,13,1,71.9,174.6,1800,1559,120,92,40,108,0.104,82,0,0.0,0.0,0.0,0,0,0
2024-06-07,2024,6,4,0,0,45,17,1,47.5,150.6,1800,1434,120,101,40,107,0.11,87,0,0.0,0.0,0.0,0,0,0
2024-06-08,2024,6,5,1,0,51,19,1,85.7,215.5,1800,1489,120,91,32,85,0.116,86,0,0.0,0.0,0.0,0,0,0
2024-06-09,2024,6,6,1,0,54,18,0,63.6,169.0,1800,1553,120,76,33,88,0.083,87,0,0.0,0.0,0.0,0,0,0
2024-06-10,2024,6,0,0,0,58,11,3,57.9,139.5,1800,1483,120,89,42,111,0.074,90,0,0.0,0.0,0.0,0,0,0
2024-06-11,2024,6,1,0,0,54,17,1,65.6,212.6,1800,1430,120,106,40,107,0.107,81,0,0.0,0.0,0.0,0,0,0
2024-06-12,2024,6,2,0,0,52,15,2,72.0,188.2,1800,1553,120,95,41,109,0.094,86,0,0.0,0.0,0.0,0,0,0
2024-06-13,2024,6,3,0,0,49,12,1,65.4,163.5,1800,1577,120,85,42,113,0.06,84,0,0.0,0.0,0.0,0,0,0
2024-06-14,2024,6,4,0,0,55,17,1,51.8,155.6,1800,1514,120,94,42,113,0.059,85,0,0.0,0.0,0.0,0,0,0
2024-06-15,2024,6,5,1,0,54,14,2,70.5,166.9,1800,1411,120,86,33,87,0.09,86,0,0.0,0.0,0.0,0,0,0
2024-06-16,2024,6,6,1,0,54,16,3,75.3,191.4,1800,1555,120,82,33,89,0.076,86,0,0.0,0.0,0.0,0,0,0
2024-06-17,2024,6,0,0,0,61,15,2,69.4,159.0,1800,1427,120,88,41,110,0.079,88,0,0.0,0.0,0.0,0,0,0
2024-06-18,2024,6,1,0,0,51,15,2,75.0,191.6,1800,1533,120,91,40,108,0.101,80,0,0.0,0.0,0.0,0,0,0
2024-06-19,2024,6,2,0,0,53,16,0,40.7,147.7,1800,1469,120,79,41,109,0.095,85,0,0.0,0.0,0.0,0,0,0
2024-06-20,2024,6,3,0,0,50,19,2,60.7,169.6,1800,1454,120,83,40,107,0.107,79,0,0.0,0.0,0.0,0,0,0
2024-06-21,2024,6,4,0,0,52,17,0,46.8,182.0,1800,1493,120,90,43,115,0.041,84,0,0.0,0.0,0.0,0,0,0
2024-06-22,2024,6,5,1,0,60,20,2,49.8,143.0,1800,1507,120,88,33,88,0.085,86,0,0.0,0.0,0.0,0,0,0
2024-06-23,2024,6,6,1,0,54,14,0,91.3,215.5,1800,1482,120,92,33,87,0.094,87,0,0.0,0.0,0.0,0,0,0
2024-06-24,2024,6,0,0,0,66,18,0,61.9,158.2,1800,1548,120,83,43,114,0.049,81,0,0.0,0.0,0.0,0,0,0
2024-06-25,2024,6,1,0,0,54,20,1,56.1,152.7,1800,1492,120,94,42,112,0.067,83,0,0.0,0.0,0.0,0,0,0
2024-06-26,2024,6,2,0,0,49,12,2,59.8,154.5,1800,1569,120,83,42,112,0.063,80,0,0.0,0.0,0.0,0,0,0
2024-06-27,2024,6,3,0,0,50,13,0,76.4,173.2,1800,1532,120,100,41,110,0.08,78,0,0.0,0.0,0.0,0,0,0
2024-06-28,2024,6,4,0,0,49,21,0,61.5,192.4,1800,1479,120,80,40,106,0.113,79,0,0.0,0.0,0.0,0,0,0
2024-06-29,2024,6,5,1,0,54,22,1,73.0,167.2,1800,1470,120,83,32,84,0.12,89,0,0.0,0.0,0.0,0,0,0
2024-06-30,2024,6,6,1,0,57,13,2,56.2,170.9,1800,1428,120,93,34,90,0.064,80,0,0.0,0.0,0.0,0,0,0
2024-07-01,2024,7,0,0,0,64,15,4,67.7,163.8,1800,1535,120,100,41,109,0.091,90,0,0.0,0.0,0.0,0,0,0
2024-07-02,2024,7,1,0,0,55,24,2,46.7,157.4,1800,1500,120,92,41,109,0.091,79,0,0.0,0.0,0.0,0,0,0
2024-07-03,2024,7,2,0,0,56,16,0,59.1,146.8,1800,1391,120,93,41,109,0.088,86,0,0.0,0.0,0.0,0,0,0
2024-07-04,2024,7,3,0,0,55,11,0,81.0,204.4,1800,1490,120,90,41,109,0.088,84,0,0.0,0.0,0.0,0,0,0
2024-07-05,2024,7,4,0,0,57,17,1,63.0,155.3,1800,1471,120,84,41,110,0.086,85,0,0.0,0.0,0.0,0,0,0
2024-07-06,2024,7,5,1,0,60,24,4,96.4,231.2,1800,1604,120,87,32,85,0.114,85,0,0.0,0.0,0.0,0,0,0
2024-07-07,2024,7,6,1,0,61,23,1,60.7,184.0,1800,1427,120,83,32,86,0.102,86,0,0.0,0.0,0.0,0,0,0
2024-07-08,2024,7,0,0,0,56,19,3,66.5,158.1,1800,1441,120,82,42,113,0.059,89,0,0.0,0.0,0.0,0,0,0
2024-07-09,2024,7,1,0,0,56,21,0,63.4,172.9,1800,1579,120,92,41,108,0.096,83,0,0.0,0.0,0.0,0,0,0
2024-07-10,2024,7,2,0,0,50,13,1,69.5,219.4,1800,1592,120,83,41,108,0.098,76,0,0.0,0.0,0.0,0,0,0
2024-07-11,2024,7,3,0,0,52,13,0,48.5,165.6,1800,1479,120,92,41,110,0.086,79,0,0.0,0.0,0.0,0,0,0
2024-07-12,2024,7,4,0,0,51,15,3,49.1,171.4,1800,1485,120,82,40,108,0.103,86,0,0.0,0.0,0.0,0,0,0
2024-07-13,2024,7,5,1,0,58,10,1,96.3,186.8,1800,1552,120,92,33,88,0.084,82,0,0.0,0.0,0.0,0,0,0
2024-07-14,2024,7,6,1,1,67,19,1,71.8,160.8,1800,1394,120,87,23,60,0.084,83,0,0.0,0.0,0.0,0,0,0
2024-07-15,2024,7,0,0,0,61,14,2,58.9,144.8,1800,1419,120,98,41,110,0.082,84,0,0.0,0.0,0.0,0,0,0
2024-07-16,2024,7,1,0,0,58,13,0,53.6,164.6,1800,1504,120,92,43,115,0.04,81,0,0.0,0.0,0.0,0,0,0
2024-07-17,2024,7,2,0,0,52,18,0,55.7,140.9,1800,1603,120,97,41,111,0.078,87,0,0.0,0.0,0.0,0,0,0
2024-07-18,2024,7,3,0,0,52,15,2,52.9,157.5,1800,1496,120,85,42,112,0.067,86,0,0.0,0.0,0.0,0,0,0
2024-07-19,2024,7,4,0,0,53,17,5,53.1,149.3,1800,1525,120,90,42,113,0.056,86,0,0.0,0.0,0.0,0,0,0
2024-07-20,2024,7,5,1,0,69,21,1,90.6,196.8,1800,1580,120,84,32,86,0.109,86,0,0.0,0.0,0.0,1,0,0
2024-07-21,2024,7,6,1,0,71,21,3,70.8,204.9,1800,1633,120,88,33,87,0.09,88,0,0.0,0.0,0.0,1,0,0
2024-07-22,2024,7,0,0,0,77,21,2,70.4,178.4,1800,1488,120,88,41,110,0.079,84,0,0.0,0.0,0.0,1,0,0
2024-07-23,2024,7,1,0,0,67,23,0,56.2,163.1,1800,1518,120,86,42,112,0.069,90,0,0.0,0.0,0.0,1,0,0
2024-07-24,2024,7,2,0,0,63,18,3,61.8,190.9,1800,1618,120,83,41,110,0.086,77,0,0.0,0.0,0.0,1,0,0
2024-07-25,2024,7,3,0,0,56,16,1,65.6,182.9,1800,1437,120,82,41,108,0.1,84,0,0.0,0.0,0.0,1,0,0
2024-07-26,2024,7,4,0,0,61,19,2,58.2,181.6,1800,1575,120,76,42,112,0.063,86,0,0.0,0.0,0.0,1,0,0
2024-07-27,2024,7,5,1,0,70,18,1,63.2,172.3,1800,1464,120,84,33,88,0.08,82,0,0.0,0.0,0.0,1,0,0
2024-07-28,2024,7,6,1,0,70,19,2,82.7,210.5,1800,1525,120,94,32,87,0.097,79,0,0.0,0.0,0.0,1,0,0
2024-07-29,2024,7,0,0,0,72,20,4,60.3,164.7,1800,1506,120,80,43,115,0.041,83,0,0.0,0.0,0.0,1,0,0
2024-07-30,2024,7,1,0,0,69,16,3,45.4,179.4,1800,1467,120,82,41,111,0.079,80,0,0.0,0.0,0.0,1,0,0
2024-07-31,2024,7,2,0,0,62,10,2,67.8,165.2,1800,1466,120,101,42,111,0.071,89,0,0.0,0.0,0.0,1,0,0
2024-08-01,2024,8,3,0,0,60,13,1,65.6,210.4,1800,1531,120,86,42,111,0.077,80,0,0.0,0.0,0.0,1,0,0
2024-08-02,2024,8,4,0,0,60,19,2,71.8,175.8,1800,1570,120,92,42,112,0.07,78,0,0.0,0.0,0.0,1,0,0
2024-08-03,2024,8,5,1,0,63,23,1,68.7,218.5,1800,1509,120,94,33,88,0.083,84,0,0.0,0.0,0.0,1,0,0
2024-08-04,2024,8,6,1,0,65,11,2,110.8,219.2,1800,1520,120,94,32,85,0.118,81,0,0.0,0.0,0.0,1,0,0
2024-08-05,2024,8,0,0,0,59,12,2,61.4,199.5,1800,1547,120,81,42,111,0.074,76,0,0.0,0.0,0.0,1,0,0
2024-08-06,2024,8,1,0,0,56,22,4,56.9,179.1,1800,1464,120,89,41,110,0.086,83,0,0.0,0.0,0.0,0,0,0
2024-08-07,2024,8,2,0,0,43,11,0,113.5,244.3,1800,1556,120,80,40,106,0.12,83,0,0.0,0.0,0.0,0,0,0
2024-08-08,2024,8,3,0,0,46,9,1,76.0,191.3,1800,1561,120,105,42,112,0.069,78,0,0.0,0.0,0.0,0,0,0
2024-08-09,2024,8,4,0,0,53,13,3,85.5,190.0,1800,1657,120,80,40,106,0.116,84,0,0.0,0.0,0.0,0,0,0
2024-08-10,2024,8,5,1,0,57,19,0,67.9,184.2,1800,1496,120,84,33,88,0.08,84,0,0.0,0.0,0.0,0,0,0
2024-08-11,2024,8,6,1,0,53,16,3,95.9,209.1,1800,1492,120,84,32,85,0.116,87,0,0.0,0.0,0.0,0,0,0
2024-08-12,2024,8,0,0,0,58,21,3,68.6,164.7,1800,1558,120,81,41,109,0.095,80,0,0.0,0.0,0.0,0,0,0
2024-08-13,2024,8,1,0,0,59,17,2,57.3,163.7,1800,1561,120,98,41,110,0.086,79,0,0.0,0.0,0.0,0,0,0
2024-08-14,2024,8,2,0,0,51,22,0,56.4,187.4,1800,1488,120,105,41,111,0.079,89,0,0.0,0.0,0.0,0,0,0
2024-08-15,2024,8,3,0,1,58,17,0,64.2,183.4,1800,1495,120,87,31,84,0.068,83,0,0.0,0.0,0.0,0,0,0
2024-08-16,2024,8,4,0,0,52,15,0,56.9,167.0,1800,1546,120,82,41,110,0.082,75,0,0.0,0.0,0.0,0,0,0
2024-08-17,2024,8,5,1,0,57,15,4,93.1,204.9,1800,1472,120,77,32,87,0.098,87,0,0.0,0.0,0.0,0,0,0
2024-08-18,2024,8,6,1,0,61,13,1,91.0,181.8,1800,1494,120,89,33,88,0.08,78,0,0.0,0.0,0.0,0,0,0
2024-08-19,2024,8,0,0,0,60,15,0,59.1,160.0,1800,1521,120,88,42,111,0.074,87,0,0.0,0.0,0.0,0,0,0
2024-08-20,2024,8,1,0,0,52,17,0,69.8,189.6,1800,1570,120,86,42,111,0.075,86,0,0.0,0.0,0.0,0,0,0
2024-08-21,2024,8,2,0,0,52,20,3,47.8,148.7,1800,1484,120,91,41,108,0.1,90,0,0.0,0.0,0.0,0,0,0
2024-08-22,2024,8,3,0,0,50,13,0,54.0,166.2,1800,1417,120,92,40,107,0.105,89,0,0.0,0.0,0.0,0,0,0
2024-08-23,2024,8,4,0,0,48,16,0,54.5,165.2,1800,1413,120,92,42,112,0.067,79,0,0.0,0.0,0.0,0,0,0
2024-08-24,2024,8,5,1,0,55,11,4,63.1,157.4,1800,1448,120,88,34,90,0.067,86,0,0.0,0.0,0.0,0,0,0
2024-08-25,2024,8,6,1,0,54,18,5,66.2,177.2,1800,1446,120,83,33,88,0.088,80,0,0.0,0.0,0.0,0,0,0
2024-08-26,2024,8,0,0,0,63,12,4,62.7,147.2,1800,1508,120,94,40,107,0.111,84,0,0.0,0.0,0.0,0,0,0
2024-08-27,2024,8,1,0,0,55,15,1,50.7,174.3,1800,1452,120,90,40,108,0.103,84,0,0.0,0.0,0.0,0,0,0
2024-08-28,2024,8,2,0,0,51,15,0,60.1,183.8,1800,1479,120,95,43,113,0.055,76,0,0.0,0.0,0.0,0,0,0
2024-08-29,2024,8,3,0,0,50,18,2,68.1,172.2,1800,1475,120,95,42,111,0.075,75,0,0.0,0.0,0.0,0,0,0
2024-08-30,2024,8,4,0,0,53,14,0,54.6,149.8,1800,1493,120,81,42,113,0.061,76,0,0.0,0.0,0.0,0,0,0
2024-08-31,2024,8,5,1,0,58,17,1,85.4,207.0,1800,1588,120,81,33,89,0.075,77,0,0.0,0.0,0.0,0,0,0
2024-09-01,2024,9,6,1,0,57,15,1,65.4,184.2,1800,1559,120,85,32,85,0.112,79,0,0.0,0.0,0.0,0,0,0
2024-09-02,2024,9,0,0,0,62,23,0,40.5,152.2,1800,1524,120,84,43,114,0.052,89,0,0.0,0.0,0.0,0,0,0
2024-09-03,2024,9,1,0,0,63,23,1,69.1,216.3,1800,1498,120,95,43,114,0.048,83,0,0.0,0.0,0.0,0,0,0
2024-09-04,2024,9,2,0,0,55,17,1,74.7,179.9,1800,1499,120,92,42,112,0.063,87,0,0.0,0.0,0.0,0,0,0
2024-09-05,2024,9,3,0,0,50,10,1,57.3,158.6,1800,1540,120,97,41,110,0.086,88,0,0.0,0.0,0.0,0,0,0
2024-09-06,2024,9,4,0,0,57,13,1,63.3,165.0,1800,1554,120,92,41,109,0.092,86,0,0.0,0.0,0.0,0,0,0
2024-09-07,2024,9,5,1,0,61,17,2,85.4,178.7,1800,1474,120,91,33,87,0.089,81,0,0.0,0.0,0.0,0,0,0
2024-09-08,2024,9,6,1,0,55,11,0,61.6,160.5,1800,1525,120,97,32,86,0.104,88,0,0.0,0.0,0.0,0,0,0
2024-09-09,2024,9,0,0,0,66,27,2,68.8,155.8,1800,1413,120,93,43,115,0.045,86,0,0.0,0.0,0.0,0,0,0
2024-09-10,2024,9,1,0,0,62,27,1,62.4,175.6,1800,1534,120,90,40,108,0.104,86,0,0.0,0.0,0.0,0,0,0
2024-09-11,2024,9,2,0,0,57,20,1,60.4,158.8,1800,1564,120,99,42,111,0.074,89,0,0.0,0.0,0.0,0,0,0
2024-09-12,2024,9,3,0,0,56,14,2,59.4,165.9,1800,1508,120,91,41,109,0.095,84,0,0.0,0.0,0.0,0,0,0
2024-09-13,2024,9,4,0,0,52,18,0,90.3,194.5,1800,1621,120,88,43,114,0.054,83,0,0.0,0.0,0.0,0,0,0
2024-09-14,2024,9,5,1,0,61,16,2,78.7,194.4,1800,1475,120,85,33,88,0.08,88,0,0.0,0.0,0.0,0,0,0
2024-09-15,2024,9,6,1,0,59,15,2,70.6,197.8,1800,1535,120,94,33,88,0.085,82,0,0.0,0.0,0.0,0,0,0
2024-09-16,2024,9,0,0,0,63,16,2,73.9,192.2,1800,1521,120,97,40,108,0.103,87,0,0.0,0.0,0.0,0,0,0
2024-09-17,2024,9,1,0,0,63,16,0,58.3,208.3,1800,1517,120,90,43,114,0.048,76,0,0.0,0.0,0.0,0,0,0
2024-09-18,2024,9,2,0,0,60,14,3,69.7,175.3,1800,1517,120,98,41,110,0.081,75,0,0.0,0.0,0.0,0,0,0
2024-09-19,2024,9,3,0,0,59,24,2,50.4,154.4,1800,1529,120,78,42,113,0.058,83,0,0.0,0.0,0.0,0,0,0
2024-09-20,2024,9,4,0,0,60,13,2,85.1,205.3,1800,1569,120,90,41,109,0.09,76,0,0.0,0.0,0.0,0,0,0
2024-09-21,2024,9,5,1,0,60,18,1,76.2,193.4,1800,1597,120,90,33,87,0.096,90,0,0.0,0.0,0.0,0,0,0
2024-09-22,2024,9,6,1,0,61,17,2,58.6,161.1,1800,1523,120,86,32,86,0.106,75,0,0.0,0.0,0.0,0,0,0
2024-09-23,2024,9,0,0,0,67,20,4,56.2,192.4,1800,1567,120,104,42,112,0.069,86,0,0.0,0.0,0.0,0,0,0
2024-09-24,2024,9,1,0,0,60,23,0,55.1,152.7,1800,1485,120,90,41,108,0.099,79,0,0.0,0.0,0.0,0,0,0
2024-09-25,2024,9,2,0,0,56,14,2,66.9,176.7,1800,1564,120,88,40,107,0.107,90,0,0.0,0.0,0.0,0,0,0
2024-09-26,2024,9,3,0,0,56,15,0,70.4,180.2,1800,1482,120,90,43,114,0.047,81,0,0.0,0.0,0.0,0,0,0
2024-09-27,2024,9,4,0,0,56,10,2,77.1,211.9,1800,1582,120,78,41,109,0.092,75,0,0.0,0.0,0.0,0,0,0
2024-09-28,2024,9,5,1,0,58,19,0,91.1,202.9,1800,1642,120,85,32,86,0.099,75,0,0.0,0.0,0.0,0,0,0
2024-09-29,2024,9,6,1,0,59,14,3,53.1,176.3,1800,1516,120,96,33,89,0.075,83,0,0.0,0.0,0.0,0,0,0
2024-09-30,2024,9,0,0,0,67,20,2,45.4,160.0,1800,1404,120,86,42,113,0.056,90,0,0.0,0.0,0.0,0,0,0
2024-10-01,2024,10,1,0,0,65,15,3,38.1,134.1,1800,1500,120,85,41,108,0.099,90,0,0.0,0.0,0.0,0,0,0
2024-10-02,2024,10,2,0,0,62,17,4,81.7,201.8,1800,1597,120,98,36,95,0.206,80,0,0.0,0.0,0.0,0,1,0
2024-10-03,2024,10,3,0,0,61,25,0,80.8,208.6,1800,1560,120,98,35,93,0.226,82,0,0.0,0.0,0.0,0,1,0
2024-10-04,2024,10,4,0,0,60,15,1,66.3,179.1,1800,1543,120,93,35,92,0.229,77,0,0.0,0.0,0.0,0,1,0
2024-10-05,2024,10,5,1,0,68,19,1,66.2,193.7,1800,1584,120,87,27,73,0.244,83,0,0.0,0.0,0.0,0,1,0
2024-10-06,2024,10,6,1,0,67,16,2,120.8,250.2,1800,1556,120,89,28,75,0.217,84,0,0.0,0.0,0.0,0,1,0
2024-10-07,2024,10,0,0,0,66,14,1,77.0,200.3,1800,1596,120,85,35,94,0.216,79,0,0.0,0.0,0.0,0,1,0
2024-10-08,2024,10,1,0,0,70,15,2,66.9,178.1,1800,1580,120,84,41,110,0.082,84,0,0.0,0.0,0.0,0,0,0
2024-10-09,2024,10,2,0,0,59,19,0,35.8,180.9,1800,1612,120,84,40,108,0.1,88,0,0.0,0.0,0.0,0,0,0
2024-10-10,2024,10,3,0,0,54,16,2,85.8,202.4,1800,1549,120,86,39,105,0.126,75,0,0.0,0.0,0.0,0,0,0
2024-10-11,2024,10,4,0,0,58,18,1,82.4,184.2,1800,1579,120,84,43,114,0.05,78,0,0.0,0.0,0.0,0,0,0
2024-10-12,2024,10,5,1,0,63,17,2,86.5,173.3,1800,1513,120,81,33,88,0.086,78,0,0.0,0.0,0.0,0,0,0
2024-10-13,2024,10,6,1,0,66,21,1,63.2,189.0,1800,1498,120,91,34,90,0.058,77,0,0.0,0.0,0.0,0,0,0
2024-10-14,2024,10,0,0,0,69,19,1,85.2,194.2,1800,1622,120,91,40,108,0.1,77,0,0.0,0.0,0.0,0,0,0
2024-10-15,2024,10,1,0,0,64,20,2,41.6,167.0,1800,1542,120,100,42,113,0.061,84,0,0.0,0.0,0.0,0,0,0
2024-10-16,2024,10,2,0,0,63,20,1,66.6,213.3,1800,1573,120,86,42,112,0.067,77,0,0.0,0.0,0.0,0,0,0
2024-10-17,2024,10,3,0,0,60,21,1,64.5,180.6,1800,1537,120,92,42,112,0.068,86,0,0.0,0.0,0.0,0,0,0
2024-10-18,2024,10,4,0,0,62,9,3,46.1,159.8,1800,1498,120,92,41,111,0.078,88,0,0.0,0.0,0.0,0,0,0
2024-10-19,2024,10,5,1,0,67,25,0,94.5,181.2,1800,1531,120,88,33,88,0.086,89,0,0.0,0.0,0.0,0,0,0
2024-10-20,2024,10,6,1,0,69,18,2,89.7,217.0,1800,1623,120,97,33,87,0.097,85,0,0.0,0.294,0.0,0,0,0
2024-10-21,2024,10,0,0,0,64,20,0,77.9,178.3,1800,1577,120,97,41,110,0.087,78,0,0.0,0.307,0.0,0,0,0
2024-10-22,2024,10,1,0,0,66,20,1,59.7,188.2,1800,1455,120,94,42,113,0.061,76,0,0.0,0.32,0.0,0,0,0
2024-10-23,2024,10,2,0,0,55,19,1,59.7,194.0,1800,1536,120,91,40,108,0.103,78,0,0.0,0.334,0.0,0,0,0
2024-10-24,2024,10,3,0,0,61,20,0,63.9,193.1,1800,1645,120,90,41,110,0.087,88,0,0.0,0.348,0.0,0,0,0
2024-10-25,2024,10,4,0,0,63,16,1,69.3,169.9,1800,1538,120,84,40,107,0.112,88,0,0.0,0.361,0.0,0,0,0
2024-10-26,2024,10,5,1,0,72,24,2,70.8,184.7,1800,1453,120,88,33,89,0.075,79,0,0.0,0.376,0.0,0,0,0
2024-10-27,2024,10,6,1,0,72,22,1,96.0,215.2,1800,1653,120,89,34,90,0.057,78,0,0.0,0.39,0.0,0,0,0
2024-10-28,2024,10,0,0,0,74,26,1,70.9,179.6,1800,1589,120,86,41,109,0.089,81,0,0.0,0.404,0.0,0,0,0
2024-10-29,2024,10,1,0,0,66,23,0,69.5,188.3,1800,1549,120,96,40,106,0.116,77,0,0.0,0.419,0.0,0,0,0
2024-10-30,2024,10,2,0,0,63,21,2,74.6,163.9,1800,1533,120,100,41,109,0.094,87,0,0.0,0.434,0.0,0,0,0
2024-10-31,2024,10,3,0,0,59,15,2,80.0,198.0,1800,1613,120,88,41,110,0.087,75,0,0.0,0.448,0.0,0,0,0
2024-11-01,2024,11,4,0,1,73,24,3,59.1,181.9,1800,1535,120,95,31,83,0.074,77,0,0.0,0.463,0.0,0,0,0
2024-11-02,2024,11,5,1,0,78,21,2,111.5,207.2,1800,1627,120,87,31,84,0.127,78,0,0.0,0.478,0.0,0,0,0
2024-11-03,2024,11,6,1,0,74,25,2,73.3,189.7,1800,1595,120,92,33,89,0.071,73,0,0.0,0.493,0.0,0,0,0
2024-11-04,2024,11,0,0,0,83,25,3,70.2,179.6,1800,1580,120,90,42,111,0.078,77,0,0.0,0.508,0.0,0,0,0
2024-11-05,2024,11,1,0,0,78,21,4,68.8,179.9,1800,1575,120,97,40,108,0.104,84,0,0.0,0.523,0.0,0,0,0
2024-11-06,2024,11,2,0,0,67,19,0,75.9,179.9,1800,1559,120,90,42,113,0.056,73,0,0.0,0.538,0.0,0,0,0
2024-11-07,2024,11,3,0,0,71,23,2,64.7,168.7,1800,1625,120,100,40,106,0.119,80,0,0.0,0.552,0.0,0,0,0
2024-11-08,2024,11,4,0,0,72,26,0,59.1,181.3,1800,1523,120,93,40,107,0.106,77,0,0.0,0.567,0.0,0,0,0
2024-11-09,2024,11,5,1,0,76,28,4,74.9,161.2,1800,1483,120,90,32,85,0.112,73,0,0.0,0.581,0.0,0,0,0
2024-11-10,2024,11,6,1,0,73,24,3,78.5,201.6,1800,1604,120,87,32,86,0.105,71,0,0.0,0.595,0.0,0,0,0
2024-11-11,2024,11,0,0,1,82,26,2,77.1,194.1,1800,1606,120,96,31,82,0.091,74,0,0.0,0.609,0.0,0,0,0
2024-11-12,2024,11,1,0,0,74,20,1,61.7,164.2,1800,1599,120,100,42,111,0.074,71,0,0.0,0.623,0.0,0,0,0
2024-11-13,2024,11,2,0,0,73,20,0,79.3,208.3,1800,1595,120,96,41,109,0.092,76,0,0.0,0.636,0.0,0,0,0
2024-11-14,2024,11,3,0,0,65,23,2,70.1,171.3,1800,1557,120,108,42,111,0.076,82,0,0.0,0.649,0.0,0,0,0
2024-11-15,2024,11,4,0,0,73,19,2,58.7,188.0,1800,1617,120,103,40,107,0.106,81,0,0.0,0.662,0.0,0,0,0
2024-11-16,2024,11,5,1,0,72,27,0,69.8,171.5,1800,1573,120,93,32,85,0.112,84,0,0.0,0.675,0.0,0,0,0
2024-11-17,2024,11,6,1,0,76,27,1,68.2,176.5,1800,1550,120,93,31,84,0.126,76,0,0.0,0.686,0.0,0,0,0
2024-11-18,2024,11,0,0,0,82,28,3,71.4,181.0,1800,1560,120,98,40,107,0.104,80,0,0.0,0.698,0.0,0,0,0
2024-11-19,2024,11,1,0,0,85,22,2,69.7,209.0,1800,1686,120,90,40,106,0.116,79,0,0.0,0.709,0.0,0,0,0
2024-11-20,2024,11,2,0,0,66,21,3,63.1,155.7,1800,1484,120,102,41,109,0.091,72,0,0.0,0.719,0.0,0,0,0
2024-11-21,2024,11,3,0,0,74,19,1,82.3,178.0,1800,1605,120,97,41,109,0.088,74,0,0.0,0.729,0.0,0,0,0
2024-11-22,2024,11,4,0,0,72,18,3,72.4,189.6,1800,1488,120,97,40,107,0.107,77,0,0.0,0.739,0.0,0,0,0
2024-11-23,2024,11,5,1,0,79,22,1,72.4,188.1,1800,1574,120,100,33,87,0.09,81,0,0.0,0.747,0.0,0,0,0
2024-11-24,2024,11,6,1,0,77,31,4,73.8,177.8,1800,1556,120,106,32,86,0.104,76,0,0.0,0.756,0.0,0,0,0
2024-11-25,2024,11,0,0,0,85,26,0,73.1,181.7,1800,1468,120,97,42,111,0.077,72,0,0.0,0.763,0.0,0,0,0
2024-11-26,2024,11,1,0,0,76,22,2,68.4,168.9,1800,1602,120,95,41,110,0.081,84,0,0.0,0.77,0.0,0,0,0
2024-11-27,2024,11,2,0,0,76,29,2,63.9,195.9,1800,1560,120,105,40,107,0.111,70,0,0.0,0.776,0.0,0,0,0
2024-11-28,2024,11,3,0,0,67,24,3,63.6,167.7,1800,1468,120,101,40,106,0.116,83,0,0.0,0.782,0.0,0,0,0
2024-11-29,2024,11,4,0,0,75,26,3,99.1,216.3,1800,1627,120,94,41,111,0.079,80,0,0.0,0.787,0.0,0,0,0
2024-11-30,2024,11,5,1,0,75,18,2,97.5,230.5,1800,1659,120,96,32,85,0.112,81,0,0.0,0.791,0.0,0,0,0
2024-12-01,2024,12,6,1,0,91,20,3,90.8,236.5,1800,1680,120,97,33,88,0.088,80,0,0.0,0.794,0.0,0,0,0
2024-12-02,2024,12,0,0,0,93,23,3,82.4,218.1,1800,1619,120,98,41,108,0.099,71,0,0.0,0.797,0.0,0,0,0
2024-12-03,2024,12,1,0,0,93,27,4,73.9,212.6,1800,1603,120,88,39,105,0.128,78,0,0.0,0.798,0.0,0,0,0
2024-12-04,2024,12,2,0,0,90,21,2,79.1,192.6,1800,1672,120,87,40,106,0.115,79,0,0.0,0.8,0.0,0,0,0
2024-12-05,2024,12,3,0,0,82,19,2,73.2,182.3,1800,1691,120,90,40,106,0.115,79,0,0.0,0.8,0.0,0,0,0
2024-12-06,2024,12,4,0,0,83,26,1,56.8,178.4,1800,1661,120,90,39,104,0.137,72,0,0.0,0.8,0.0,0,0,0
2024-12-07,2024,12,5,1,0,87,28,1,61.4,170.8,1800,1549,120,92,33,88,0.085,71,0,0.0,0.798,0.0,0,0,0
2024-12-08,2024,12,6,1,0,90,37,2,83.4,202.4,1800,1611,120,100,33,88,0.079,73,0,0.0,0.797,0.0,0,0,0
2024-12-09,2024,12,0,0,0,90,20,1,64.6,177.5,1800,1624,120,95,41,110,0.085,75,0,0.0,0.794,0.0,0,0,0
2024-12-10,2024,12,1,0,0,90,25,3,63.7,165.2,1800,1524,120,100,40,108,0.104,76,0,0.313,0.791,0.0,0,0,0
2024-12-11,2024,12,2,0,0,89,37,3,74.0,192.5,1800,1649,120,91,42,113,0.062,80,0,0.33,0.787,0.0,0,0,0
2024-12-12,2024,12,3,0,0,91,27,4,107.5,231.8,1800,1747,120,96,40,107,0.106,79,0,0.348,0.782,0.0,0,0,0
2024-12-13,2024,12,4,0,0,100,32,2,81.9,223.6,1800,1660,120,103,41,108,0.099,77,0,0.367,0.776,0.0,0,0,0
2024-12-14,2024,12,5,1,0,91,21,3,117.7,264.2,1800,1706,120,103,31,84,0.126,70,0,0.386,0.77,0.0,0,0,0
2024-12-15,2024,12,6,1,0,102,38,2,84.1,215.6,1800,1637,120,95,32,85,0.118,73,0,0.405,0.763,0.0,0,0,0
2024-12-16,2024,12,0,0,0,103,36,3,76.7,194.9,1800,1624,120,100,41,108,0.1,71,0,0.424,0.756,0.0,0,0,0
2024-12-17,2024,12,1,0,0,94,37,0,67.5,177.2,1800,1650,120,113,39,105,0.124,69,0,0.444,0.747,0.0,0,0,0
2024-12-18,2024,12,2,0,0,90,27,1,73.1,188.0,1800,1586,120,100,39,105,0.127,65,0,0.464,0.739,0.0,0,0,0
2024-12-19,2024,12,3,0,0,86,20,5,81.2,204.9,1800,1579,120,96,41,108,0.098,70,0,0.484,0.729,0.0,0,0,0
2024-12-20,2024,12,4,0,0,89,22,1,100.1,249.8,1800,1701,120,99,40,108,0.104,68,0,0.505,0.719,0.0,0,0,0
2024-12-21,2024,12,5,1,0,94,27,5,99.3,248.9,1800,1707,120,101,34,89,0.069,72,0,0.525,0.709,0.0,0,0,0
2024-12-22,2024,12,6,1,0,89,27,3,74.9,186.2,1800,1580,120,99,33,87,0.092,64,0,0.545,0.698,0.0,0,0,0
2024-12-23,2024,12,0,0,0,95,18,1,73.0,232.4,1800,1687,120,100,41,108,0.1,67,0,0.565,0.686,0.0,0,0,0
2024-12-24,2024,12,1,0,0,99,29,4,91.2,219.3,1800,1631,120,92,40,106,0.116,64,0,0.585,0.675,0.0,0,0,0
2024-12-25,2024,12,2,0,1,93,20,5,95.1,193.7,1800,1655,120,95,30,81,0.096,72,0,0.605,0.662,0.0,0,0,0
2024-12-26,2024,12,3,0,0,83,24,4,94.0,216.2,1800,1662,120,100,40,107,0.105,71,0,0.624,0.649,0.0,0,0,0
2024-12-27,2024,12,4,0,0,89,21,2,72.0,168.8,1800,1691,120,100,41,109,0.091,67,0,0.643,0.636,0.0,0,0,0
2024-12-28,2024,12,5,1,0,101,35,5,96.0,220.8,1800,1643,120,97,32,85,0.12,65,0,0.662,0.623,0.0,0,0,0
2024-12-29,2024,12,6,1,0,97,31,2,118.9,246.3,1800,1715,120,100,32,84,0.125,77,0,0.68,0.609,0.0,0,0,0
2024-12-30,2024,12,0,0,0,101,34,2,67.2,203.1,1800,1656,120,101,39,105,0.125,71,0,0.698,0.595,0.0,0,0,0
2024-12-31,2024,12,1,0,0,102,28,5,81.7,198.4,1800,1674,120,106,40,106,0.117,72,0,0.715,0.581,0.0,0,0,0
2025-01-01,2025,1,2,0,1,98,35,3,69.5,183.4,1800,1591,120,101,31,82,0.086,70,0,0.731,0.567,0.0,0,0,0
2025-01-02,2025,1,3,0,0,86,22,1,86.2,205.9,1800,1753,120,104,40,107,0.105,74,0,0.746,0.552,0.0,0,0,0
2025-01-03,2025,1,4,0,0,89,23,2,88.0,201.3,1800,1662,120,98,40,107,0.109,75,0,0.761,0.538,0.0,0,0,0
2025-01-04,2025,1,5,1,0,100,27,3,121.3,230.8,1800,1675,120,105,32,86,0.109,67,0,0.774,0.523,0.0,0,0,0
2025-01-05,2025,1,6,1,0,99,26,2,74.9,181.8,1800,1550,120,103,32,85,0.119,72,0,0.787,0.508,0.0,0,0,0
2025-01-06,2025,1,0,0,0,103,35,4,73.5,173.8,1800,1592,120,106,38,102,0.146,65,0,0.799,0.493,0.0,0,0,0
2025-01-07,2025,1,1,0,0,96,27,6,79.5,210.5,1800,1703,120,105,39,104,0.134,71,0,0.809,0.478,0.0,0,0,0
2025-01-08,2025,1,2,0,0,88,22,3,88.4,214.3,1800,1652,120,105,41,108,0.098,67,0,0.818,0.463,0.0,0,0,0
2025-01-09,2025,1,3,0,0,79,25,0,64.4,166.4,1800,1533,120,101,39,104,0.131,61,0,0.827,0.448,0.0,0,0,0
2025-01-10,2025,1,4,0,0,89,29,3,70.1,188.1,1800,1692,120,103,39,104,0.13,75,0,0.834,0.434,0.0,0,0,0
2025-01-11,2025,1,5,1,0,88,32,1,85.8,211.0,1800,1606,120,107,32,86,0.101,74,0,0.84,0.419,0.0,0,0,0
2025-01-12,2025,1,6,1,0,89,26,2,122.2,250.7,1800,1711,120,97,31,83,0.134,65,0,0.844,0.404,0.0,0,0,0
2025-01-13,2025,1,0,0,0,107,34,3,77.5,190.4,1800,1630,120,97,40,106,0.113,76,0,0.847,0.39,0.0,0,0,0
2025-01-14,2025,1,1,0,0,96,34,2,78.1,206.7,1800,1645,120,102,41,109,0.088,66,0,0.849,0.376,0.0,0,0,0
2025-01-15,2025,1,2,0,0,92,26,2,89.5,203.0,1800,1697,120,103,39,105,0.125,68,0,0.85,0.361,0.0,0,0,0
2025-01-16,2025,1,3,0,0,81,30,2,59.5,174.6,1800,1584,120,96,40,106,0.12,74,0,0.849,0.348,0.0,0,0,0
2025-01-17,2025,1,4,0,0,81,21,4,72.2,194.6,1800,1578,120,100,40,107,0.111,66,0,0.847,0.334,0.0,0,0,0
2025-01-18,2025,1,5,1,0,92,32,1,103.4,220.7,1800,1620,120,100,32,85,0.114,68,0,0.844,0.32,0.0,0,0,0
2025-01-19,2025,1,6,1,0,93,30,1,93.8,237.2,1800,1674,120,87,32,86,0.1,71,0,0.84,0.307,0.0,0,0,0
2025-01-20,2025,1,0,0,0,99,32,2,79.2,184.3,1800,1557,120,99,39,105,0.126,63,0,0.834,0.294,0.0,0,0,0
2025-01-21,2025,1,1,0,0,94,36,5,53.9,162.6,1800,1522,120,97,40,107,0.106,68,0,0.827,0.0,0.0,0,0,0
2025-01-22,2025,1,2,0,0,82,18,2,72.3,188.6,1800,1656,120,97,40,107,0.11,67,0,0.818,0.0,0.0,0,0,0
2025-01-23,2025,1,3,0,0,82,23,3,80.9,206.8,1800,1578,120,106,40,106,0.113,73,0,0.809,0.0,0.0,0,0,0
2025-01-24,2025,1,4,0,0,79,23,0,72.5,198.4,1800,1589,120,90,41,110,0.082,65,0,0.799,0.0,0.0,0,0,0
2025-01-25,2025,1,5,1,0,92,30,3,95.2,204.5,1800,1509,120,93,33,88,0.087,66,0,0.787,0.0,0.0,0,0,0
2025-01-26,2025,1,6,1,0,90,22,4,104.5,220.4,1800,1572,120,82,34,90,0.061,74,0,0.774,0.0,0.0,0,0,0
2025-01-27,2025,1,0,0,0,92,26,1,71.0,178.7,1800,1607,120,94,40,106,0.116,66,0,0.761,0.0,0.0,0,0,0
2025-01-28,2025,1,1,0,0,88,17,6,75.0,210.4,1800,1656,120,95,41,110,0.08,70,0,0.746,0.0,0.0,0,0,0
2025-01-29,2025,1,2,0,0,81,27,3,59.6,157.1,1800,1563,120,94,40,107,0.106,75,0,0.731,0.0,0.0,0,0,0
2025-01-30,2025,1,3,0,0,79,19,0,74.4,205.0,1800,1693,120,104,40,107,0.11,76,0,0.715,0.0,0.0,0,0,0
2025-01-31,2025,1,4,0,0,89,36,2,53.9,188.2,1800,1566,120,102,40,106,0.114,66,0,0.698,0.0,0.0,0,0,0
2025-02-01,2025,2,5,1,0,85,23,6,81.7,213.9,1800,1560,120,97,33,89,0.078,78,0,0.68,0.0,0.0,0,0,0
2025-02-02,2025,2,6,1,0,84,20,3,108.8,243.0,1800,1679,120,94,32,86,0.1,77,0,0.662,0.0,0.0,0,0,0
2025-02-03,2025,2,0,0,0,81,28,2,79.0,176.3,1800,1606,120,102,39,104,0.134,71,0,0.643,0.0,0.0,0,0,0
2025-02-04,2025,2,1,0,0,80,25,2,85.9,207.2,1800,1563,120,96,39,104,0.134,78,0,0.624,0.0,0.0,0,0,0
2025-02-05,2025,2,2,0,0,77,25,4,63.7,197.8,1800,1583,120,91,40,106,0.119,77,0,0.605,0.0,0.0,0,0,0
2025-02-06,2025,2,3,0,0,72,13,2,87.8,201.4,1800,1663,120,85,40,107,0.105,76,0,0.585,0.0,0.0,0,0,0
2025-02-07,2025,2,4,0,0,83,23,2,82.0,226.7,1800,1668,120,93,41,111,0.078,75,0,0.565,0.0,0.0,0,0,0
2025-02-08,2025,2,5,1,0,83,23,6,97.0,215.1,1800,1543,120,100,32,85,0.112,78,0,0.545,0.0,0.0,0,0,0
2025-02-09,2025,2,6,1,0,89,24,5,95.6,197.5,1800,1583,120,109,33,87,0.094,82,0,0.525,0.0,0.0,0,0,0
2025-02-10,2025,2,0,0,0,89,28,5,75.0,206.2,1800,1589,120,95,40,107,0.107,76,0,0.505,0.0,0.0,0,0,0
2025-02-11,2025,2,1,0,0,83,27,2,84.0,167.1,1800,1530,120,90,41,110,0.083,80,0,0.484,0.0,0.0,0,0,0
2025-02-12,2025,2,2,0,0,77,23,1,66.1,174.8,1800,1578,120,87,41,109,0.091,79,0,0.464,0.0,0.0,0,0,0
2025-02-13,2025,2,3,0,0,74,24,3,81.0,196.6,1800,1580,120,98,41,108,0.097,81,0,0.444,0.0,0.0,0,0,0
2025-02-14,2025,2,4,0,0,83,22,3,66.3,194.6,1800,1640,120,83,41,108,0.099,83,0,0.424,0.0,0.0,0,0,0
2025-02-15,2025,2,5,1,0,73,18,0,81.4,207.4,1800,1642,120,97,32,86,0.103,71,0,0.405,0.0,0.0,0,0,0
2025-02-16,2025,2,6,1,0,75,26,0,75.5,198.7,1800,1558,120,99,33,88,0.081,71,0,0.386,0.0,0.0,0,0,0
2025-02-17,2025,2,0,0,0,86,20,4,76.8,211.5,1800,1563,120,96,42,112,0.065,78,0,0.367,0.0,0.0,0,0,0
2025-02-18,2025,2,1,0,0,81,26,2,77.7,198.9,1800,1609,120,92,39,105,0.124,76,0,0.348,0.0,0.0,0,0,0
2025-02-19,2025,2,2,0,0,79,19,4,63.9,169.2,1800,1540,120,97,39,103,0.14,78,0,0.33,0.0,0.0,0,0,0
2025-02-20,2025,2,3,0,0,75,20,0,76.2,187.2,1800,1602,120,94,41,108,0.099,82,0,0.313,0.0,0.0,0,0,0
2025-02-21,2025,2,4,0,0,72,14,1,53.4,171.5,1800,1543,120,85,43,114,0.054,84,0,0.0,0.0,0.0,0,0,0
2025-02-22,2025,2,5,1,0,83,33,3,55.6,170.4,1800,1496,120,101,34,90,0.065,77,0,0.0,0.0,0.0,0,0,0
2025-02-23,2025,2,6,1,0,82,19,1,49.4,160.3,1800,1496,120,88,33,87,0.09,82,0,0.0,0.0,0.0,0,0,0
2025-02-24,2025,2,0,0,0,85,24,3,66.3,194.2,1800,1626,120,95,40,107,0.107,75,0,0.0,0.0,0.0,0,0,0
2025-02-25,2025,2,1,0,0,82,24,1,61.1,170.3,1800,1540,120,75,42,113,0.056,80,0,0.0,0.0,0.0,0,0,0
2025-02-26,2025,2,2,0,0,74,23,2,77.7,198.6,1800,1637,120,98,42,111,0.078,73,0,0.0,0.0,0.0,0,0,0
2025-02-27,2025,2,3,0,0,68,16,1,54.6,167.0,1800,1520,120,99,41,110,0.084,80,0,0.0,0.0,0.0,0,0,0
2025-02-28,2025,2,4,0,0,76,22,4,50.6,150.5,1800,1564,120,90,41,108,0.097,81,0,0.0,0.0,0.0,0,0,0
2025-03-01,2025,3,5,1,0,69,23,1,85.7,198.0,1800,1664,120,93,33,89,0.073,85,0,0.0,0.0,0.0,0,0,0
2025-03-02,2025,3,6,1,0,69,23,2,81.6,195.2,1800,1477,120,93,34,91,0.049,84,0,0.0,0.0,0.0,0,0,0
2025-03-03,2025,3,0,0,0,79,20,3,60.0,153.4,1800,1432,120,86,41,109,0.092,80,0,0.0,0.0,0.0,0,0,0
2025-03-04,2025,3,1,0,0,60,19,2,75.9,185.4,1800,1604,120,93,40,108,0.102,75,0,0.0,0.0,0.0,0,0,0
2025-03-05,2025,3,2,0,0,59,10,2,48.6,147.9,1800,1490,120,85,41,111,0.078,76,0,0.0,0.0,0.0,0,0,0
2025-03-06,2025,3,3,0,0,58,15,3,58.2,168.5,1800,1533,120,86,41,109,0.088,90,0,0.0,0.0,0.0,0,0,0
2025-03-07,2025,3,4,0,0,63,20,0,56.6,170.7,1800,1503,120,97,42,112,0.071,89,0,0.0,0.0,0.0,0,0,0
2025-03-08,2025,3,5,1,0,68,23,3,80.7,202.1,1800,1549,120,96,34,90,0.063,80,0,0.0,0.0,0.0,0,0,0
2025-03-09,2025,3,6,1,0,64,19,0,73.8,178.3,1800,1483,120,86,32,86,0.101,79,0,0.0,0.0,0.0,0,0,0
2025-03-10,2025,3,0,0,0,70,20,2,55.8,169.1,1800,1525,120,86,41,109,0.088,82,0,0.0,0.0,0.0,0,0,0
2025-03-11,2025,3,1,0,0,65,13,3,75.4,174.7,1800,1559,120,86,41,109,0.09,85,0,0.0,0.0,0.0,0,0,0
2025-03-12,2025,3,2,0,0,72,21,2,57.6,153.4,1800,1480,120,94,40,107,0.11,80,0,0.0,0.0,0.0,0,0,0
2025-03-13,2025,3,3,0,0,68,23,2,52.3,137.5,1800,1497,120,84,42,113,0.059,76,0,0.0,0.0,0.0,0,0,0
2025-03-14,2025,3,4,0,0,63,21,2,63.2,184.0,1800,1516,120,92,42,112,0.069,81,0,0.0,0.0,0.0,0,0,0
2025-03-15,2025,3,5,1,0,68,21,0,61.9,165.8,1800,1457,120,94,33,88,0.083,79,0,0.0,0.0,0.0,0,0,0
2025-03-16,2025,3,6,1,0,63,15,2,94.2,207.5,1800,1512,120,89,34,89,0.069,80,0,0.0,0.0,0.0,0,0,0
2025-03-17,2025,3,0,0,0,67,20,0,45.4,199.6,1800,1541,120,96,41,109,0.096,77,0,0.0,0.0,0.0,0,0,0
2025-03-18,2025,3,1,0,0,68,20,0,66.2,179.5,1800,1513,120,88,42,111,0.076,85,0,0.0,0.0,0.0,0,0,0
2025-03-19,2025,3,2,0,0,61,20,4,53.9,164.9,1800,1520,120,89,42,113,0.06,83,0,0.0,0.0,0.0,0,0,0
2025-03-20,2025,3,3,0,0,62,16,0,69.0,190.2,1800,1533,120,84,41,110,0.081,79,0,0.0,0.0,0.0,0,0,0
2025-03-21,2025,3,4,0,0,59,20,2,50.4,154.0,1800,1499,120,96,41,110,0.083,83,0,0.0,0.0,0.0,0,0,0
2025-03-22,2025,3,5,1,0,66,20,2,83.5,168.5,1800,1572,120,85,32,87,0.099,82,0,0.0,0.0,0.0,0,0,0
2025-03-23,2025,3,6,1,0,70,19,4,77.3,193.9,1800,1612,120,92,33,88,0.088,87,0,0.0,0.0,0.0,0,0,0
2025-03-24,2025,3,0,0,0,75,22,4,50.8,148.3,1800,1509,120,90,41,109,0.089,89,0,0.0,0.0,0.0,0,0,0
2025-03-25,2025,3,1,0,0,69,21,4,47.3,154.8,1800,1561,120,84,41,110,0.086,77,0,0.0,0.0,0.0,0,0,0
2025-03-26,2025,3,2,0,0,60,21,0,40.3,168.9,1800,1522,120,86,42,111,0.076,88,0,0.0,0.0,0.0,0,0,0
2025-03-27,2025,3,3,0,0,65,21,2,60.9,182.0,1800,1554,120,98,42,112,0.066,86,0,0.0,0.0,0.0,0,0,0
2025-03-28,2025,3,4,0,0,61,19,2,60.1,212.3,1800,1619,120,91,41,110,0.086,85,0,0.0,0.0,0.0,0,0,0
2025-03-29,2025,3,5,1,0,71,22,4,82.5,198.1,1800,1562,120,84,33,89,0.073,81,0,0.0,0.0,0.0,0,0,0
2025-03-30,2025,3,6,1,0,68,14,0,74.5,171.5,1800,1439,120,92,32,85,0.114,80,0,0.0,0.0,0.0,0,0,0
2025-03-31,2025,3,0,0,0,69,18,6,72.7,177.9,1800,1559,120,89,40,107,0.107,75,0,0.0,0.0,0.0,0,0,0
2025-04-01,2025,4,1,0,0,61,16,2,76.2,186.3,1800,1592,120,111,41,109,0.093,90,0,0.0,0.0,0.0,0,0,0
2025-04-02,2025,4,2,0,0,59,18,1,54.9,164.9,1800,1514,120,92,41,109,0.088,84,0,0.0,0.0,0.0,0,0,0
2025-04-03,2025,4,3,0,0,58,15,0,73.1,167.1,1800,1579,120,88,41,111,0.078,81,0,0.0,0.0,0.0,0,0,0
2025-04-04,2025,4,4,0,0,58,23,1,46.4,130.4,1800,1488,120,99,43,113,0.055,83,0,0.0,0.0,0.0,0,0,0
2025-04-05,2025,4,5,1,0,67,11,8,70.4,170.5,1800,1445,120,79,33,89,0.076,76,0,0.0,0.0,0.0,0,0,0
2025-04-06,2025,4,6,1,0,65,17,3,73.8,158.2,1800,1533,120,91,33,88,0.082,78,0,0.0,0.0,0.0,0,0,0
2025-04-07,2025,4,0,0,0,66,17,2,61.7,173.5,1800,1431,120,102,41,110,0.085,84,0,0.0,0.0,0.0,0,0,0
2025-04-08,2025,4,1,0,0,64,25,0,48.5,150.2,1800,1513,120,89,41,109,0.089,83,0,0.0,0.0,0.0,0,0,0
2025-04-09,2025,4,2,0,0,64,16,1,85.4,203.4,1800,1595,120,80,41,108,0.098,87,0,0.0,0.0,0.0,0,0,0
2025-04-10,2025,4,3,0,0,61,11,0,55.1,203.8,1800,1422,120,88,42,112,0.066,85,0,0.0,0.0,0.0,0,0,0
2025-04-11,2025,4,4,0,0,54,13,0,57.3,149.1,1800,1456,120,99,42,112,0.066,84,0,0.0,0.0,0.0,0,0,0
2025-04-12,2025,4,5,1,0,59,13,1,55.5,170.7,1800,1470,120,92,32,86,0.109,87,0,0.0,0.0,0.0,0,0,0
2025-04-13,2025,4,6,1,0,67,19,1,82.9,182.0,1800,1522,120,85,33,87,0.095,76,0,0.0,0.0,0.0,0,0,0
2025-04-14,2025,4,0,0,0,63,19,1,60.6,167.2,1800,1506,120,86,42,111,0.072,85,0,0.0,0.0,0.0,0,0,0
2025-04-15,2025,4,1,0,0,58,18,0,51.1,183.2,1800,1601,120,87,41,111,0.078,86,0,0.0,0.0,0.0,0,0,0
2025-04-16,2025,4,2,0,0,57,13,1,81.7,186.8,1800,1577,120,92,41,111,0.078,79,0,0.0,0.0,0.0,0,0,0
2025-04-17,2025,4,3,0,0,57,15,1,69.4,180.0,1800,1552,120,98,41,110,0.081,78,0,0.0,0.0,0.0,0,0,0
2025-04-18,2025,4,4,0,0,58,16,3,37.5,154.7,1800,1533,120,96,41,109,0.089,78,0,0.0,0.0,0.0,0,0,0
2025-04-19,2025,4,5,1,0,60,18,1,87.0,204.8,1800,1547,120,93,31,83,0.131,78,0,0.0,0.0,0.0,0,0,0
2025-04-20,2025,4,6,1,0,60,18,0,61.4,167.4,1800,1479,120,82,33,88,0.084,83,0,0.0,0.0,0.0,0,0,0
2025-04-21,2025,4,0,0,1,68,25,2,44.9,159.6,1800,1572,120,82,31,82,0.093,77,0,0.0,0.0,0.0,0,0,0
2025-04-22,2025,4,1,0,0,59,21,1,47.8,152.6,1800,1465,120,93,43,114,0.046,85,0,0.0,0.0,0.0,0,0,0
2025-04-23,2025,4,2,0,0,64,17,2,56.4,168.7,1800,1571,120,82,42,112,0.07,77,0,0.0,0.0,0.0,0,0,0
2025-04-24,2025,4,3,0,0,57,15,2,59.0,149.3,1800,1590,120,89,40,107,0.105,75,0,0.0,0.0,0.0,0,0,0
2025-04-25,2025,4,4,0,0,61,13,1,54.2,157.0,1800,1537,120,92,41,109,0.088,80,0,0.0,0.0,0.0,0,0,0
2025-04-26,2025,4,5,1,0,60,15,2,65.5,200.8,1800,1516,120,83,36,96,0.0,78,0,0.0,0.0,0.0,0,0,0
2025-04-27,2025,4,6,1,0,61,18,1,78.2,188.4,1800,1547,120,84,33,87,0.093,90,0,0.0,0.0,0.0,0,0,0
2025-04-28,2025,4,0,0,0,65,21,0,53.9,183.4,1800,1371,120,89,40,106,0.118,80,0,0.0,0.0,0.0,0,0,0
2025-04-29,2025,4,1,0,0,54,14,1,55.6,179.9,1800,1542,120,93,43,115,0.04,78,0,0.0,0.0,0.0,0,0,0
2025-04-30,2025,4,2,0,0,54,14,0,49.5,161.2,1800,1519,120,96,40,107,0.11,78,0,0.0,0.0,0.0,0,0,0
2025-05-01,2025,5,3,0,1,50,12,1,71.1,154.0,1800,1518,120,94,33,88,0.025,81,0,0.0,0.0,0.0,0,0,0
2025-05-02,2025,5,4,0,0,49,13,2,50.7,168.0,1800,1559,120,90,41,108,0.099,84,0,0.0,0.0,0.0,0,0,0
2025-05-03,2025,5,5,1,0,55,9,3,83.6,208.0,1800,1517,120,86,33,88,0.08,87,0,0.0,0.0,0.0,0,0,0
2025-05-04,2025,5,6,1,0,63,16,1,65.8,168.0,1800,1459,120,84,35,93,0.033,80,0,0.0,0.0,0.0,0,0,0
2025-05-05,2025,5,0,0,0,62,16,3,46.2,140.8,1800,1513,120,87,41,109,0.089,84,0,0.0,0.0,0.0,0,0,0
2025-05-06,2025,5,1,0,0,63,17,0,55.0,170.5,1800,1525,120,92,40,108,0.103,82,0,0.0,0.0,0.0,0,0,0
2025-05-07,2025,5,2,0,0,56,14,1,69.6,202.5,1800,1527,120,92,41,110,0.087,88,0,0.0,0.0,0.0,0,0,0
2025-05-08,2025,5,3,0,1,57,20,1,63.4,201.1,1800,1530,120,77,31,82,0.092,84,0,0.0,0.0,0.0,0,0,0
2025-05-09,2025,5,4,0,0,53,18,4,70.1,170.9,1800,1577,120,85,42,111,0.072,79,0,0.0,0.0,0.0,0,0,0
2025-05-10,2025,5,5,1,0,61,20,0,78.3,183.8,1800,1462,120,97,34,92,0.043,86,0,0.0,0.0,0.0,0,0,0
2025-05-11,2025,5,6,1,0,61,18,2,72.9,190.1,1800,1530,120,90,33,87,0.094,87,0,0.0,0.0,0.0,0,0,0
2025-05-12,2025,5,0,0,0,61,15,2,67.1,139.0,1800,1591,120,81,40,106,0.115,82,0,0.0,0.0,0.0,0,0,0
2025-05-13,2025,5,1,0,0,61,16,0,77.0,158.4,1800,1427,120,104,40,108,0.103,90,0,0.0,0.0,0.0,0,0,0
2025-05-14,2025,5,2,0,0,57,22,2,42.1,196.4,1800,1531,120,90,43,115,0.04,88,0,0.0,0.0,0.0,0,0,0
2025-05-15,2025,5,3,0,0,52,16,2,59.9,191.1,1800,1489,120,92,43,114,0.05,78,0,0.0,0.0,0.0,0,0,0
2025-05-16,2025,5,4,0,0,52,13,2,63.6,163.1,1800,1501,120,92,42,112,0.063,87,0,0.0,0.0,0.0,0,0,0
2025-05-17,2025,5,5,1,0,56,19,0,72.1,203.1,1800,1472,120,88,34,91,0.048,84,0,0.0,0.0,0.0,0,0,0
2025-05-18,2025,5,6,1,0,59,16,1,80.7,189.6,1800,1512,120,86,33,88,0.081,83,0,0.0,0.0,0.0,0,0,0
2025-05-19,2025,5,0,0,0,64,18,1,57.6,171.7,1800,1620,120,103,41,109,0.088,83,0,0.0,0.0,0.0,0,0,0
2025-05-20,2025,5,1,0,0,57,18,1,35.3,168.2,1800,1453,120,96,43,114,0.051,88,0,0.0,0.0,0.0,0,0,0
2025-05-21,2025,5,2,0,0,55,10,2,69.9,156.5,1800,1458,120,95,41,109,0.096,84,0,0.0,0.0,0.0,0,0,0
2025-05-22,2025,5,3,0,0,55,15,2,45.2,166.5,1800,1451,120,93,41,109,0.092,83,0,0.0,0.0,0.0,0,0,0
2025-05-23,2025,5,4,0,0,57,10,2,74.5,196.9,1800,1614,120,84,42,112,0.069,76,0,0.0,0.0,0.0,0,0,0
2025-05-24,2025,5,5,1,0,64,21,2,84.4,198.8,1800,1496,120,98,33,89,0.077,82,0,0.0,0.0,0.0,0,0,0
2025-05-25,2025,5,6,1,0,63,16,0,65.9,175.1,1800,1520,120,85,35,92,0.041,89,0,0.0,0.0,0.0,0,0,0
2025-05-26,2025,5,0,0,0,60,19,1,65.9,196.7,1800,1499,120,92,42,111,0.073,86,0,0.0,0.0,0.0,0,0,0
2025-05-27,2025,5,1,0,0,64,20,1,50.0,166.5,1800,1470,120,80,41,110,0.08,76,0,0.0,0.0,0.0,0,0,0
2025-05-28,2025,5,2,0,0,54,18,2,53.9,190.4,1800,1508,120,78,41,110,0.083,88,0,0.0,0.0,0.0,0,0,0
2025-05-29,2025,5,3,0,1,58,20,2,50.2,152.3,1800,1654,120,92,31,82,0.088,87,0,0.0,0.0,0.0,0,0,0
2025-05-30,2025,5,4,0,0,55,23,0,70.7,164.7,1800,1596,120,85,41,110,0.085,83,0,0.0,0.0,0.0,0,0,0
2025-05-31,2025,5,5,1,0,58,16,0,61.1,169.2,1800,1475,120,78,33,89,0.075,75,0,0.0,0.0,0.0,0,0,0
2025-06-01,2025,6,6,1,0,51,9,2,73.0,193.8,1800,1551,120,93,33,88,0.086,83,0,0.0,0.0,0.0,0,0,0
2025-06-02,2025,6,0,0,0,59,22,1,53.3,142.8,1800,1472,120,103,40,108,0.1,76,0,0.0,0.0,0.0,0,0,0
2025-06-03,2025,6,1,0,0,51,11,2,63.2,167.1,1800,1421,120,98,41,111,0.078,80,0,0.0,0.0,0.0,0,0,0
2025-06-04,2025,6,2,0,0,55,13,1,67.6,196.0,1800,1572,120,88,41,110,0.086,84,0,0.0,0.0,0.0,0,0,0
2025-06-05,2025,6,3,0,0,54,15,1,62.5,159.1,1800,1579,120,90,42,111,0.076,89,0,0.0,0.0,0.0,0,0,0
2025-06-06,2025,6,4,0,0,50,15,0,52.2,167.4,1800,1573,120,95,42,112,0.067,80,0,0.0,0.0,0.0,0,0,0
2025-06-07,2025,6,5,1,0,57,17,3,60.3,184.0,1800,1491,120,97,33,87,0.09,88,0,0.0,0.0,0.0,0,0,0
2025-06-08,2025,6,6,1,0,54,15,0,58.8,164.1,1800,1507,120,88,34,89,0.069,89,0,0.0,0.0,0.0,0,0,0
2025-06-09,2025,6,0,0,1,61,15,1,76.1,191.8,1800,1557,120,90,31,82,0.088,75,0,0.0,0.0,0.0,0,0,0
2025-06-10,2025,6,1,0,0,57,14,2,71.2,155.1,1800,1538,120,92,41,110,0.081,79,0,0.0,0.0,0.0,0,0,0
2025-06-11,2025,6,2,0,0,52,19,0,47.8,194.6,1800,1495,120,93,42,111,0.074,86,0,0.0,0.0,0.0,0,0,0
2025-06-12,2025,6,3,0,0,54,22,2,42.1,160.1,1800,1429,120,89,42,111,0.073,86,0,0.0,0.0,0.0,0,0,0
2025-06-13,2025,6,4,0,0,51,14,1,56.7,192.8,1800,1523,120,89,42,112,0.07,81,0,0.0,0.0,0.0,0,0,0
2025-06-14,2025,6,5,1,0,59,14,2,97.9,239.4,1800,1575,120,98,34,91,0.047,85,0,0.0,0.0,0.0,0,0,0
2025-06-15,2025,6,6,1,0,56,11,0,73.9,181.3,1800,1452,120,97,33,88,0.088,84,0,0.0,0.0,0.0,0,0,0
2025-06-16,2025,6,0,0,0,62,24,0,58.5,162.1,1800,1551,120,93,41,110,0.085,86,0,0.0,0.0,0.0,0,0,0
2025-06-17,2025,6,1,0,0,54,16,1,56.4,145.8,1800,1534,120,100,41,108,0.097,86,0,0.0,0.0,0.0,0,0,0
2025-06-18,2025,6,2,0,0,52,18,1,64.0,154.9,1800,1557,120,88,42,112,0.069,76,0,0.0,0.0,0.0,0,0,0
2025-06-19,2025,6,3,0,0,50,11,0,83.7,221.3,1800,1564,120,100,40,106,0.118,77,0,0.0,0.0,0.0,0,0,0
2025-06-20,2025,6,4,0,0,50,13,0,71.8,184.2,1800,1479,120,93,42,111,0.072,77,0,0.0,0.0,0.0,0,0,0
2025-06-21,2025,6,5,1,0,58,26,2,43.6,149.4,1800,1429,120,110,34,90,0.062,89,0,0.0,0.0,0.0,0,0,0
2025-06-22,2025,6,6,1,0,58,16,1,52.6,153.4,1800,1488,120,83,34,90,0.06,89,0,0.0,0.0,0.0,0,0,0
2025-06-23,2025,6,0,0,0,62,24,1,59.9,191.1,1800,1565,120,86,43,115,0.045,87,0,0.0,0.0,0.0,0,0,0
2025-06-24,2025,6,1,0,0,59,13,1,72.4,164.8,1800,1487,120,93,40,107,0.111,77,0,0.0,0.0,0.0,0,0,0
2025-06-25,2025,6,2,0,0,56,21,3,55.8,167.6,1800,1479,120,92,40,107,0.107,84,0,0.0,0.0,0.0,0,0,0
2025-06-26,2025,6,3,0,0,49,20,2,59.3,173.3,1800,1418,120,102,41,109,0.092,78,0,0.0,0.0,0.0,0,0,0
2025-06-27,2025,6,4,0,0,53,22,1,55.3,171.4,1800,1611,120,86,42,113,0.062,81,0,0.0,0.0,0.0,0,0,0
2025-06-28,2025,6,5,1,0,54,15,2,63.5,160.2,1800,1561,120,95,32,85,0.116,79,0,0.0,0.0,0.0,0,0,0
2025-06-29,2025,6,6,1,0,56,14,2,73.3,188.7,1800,1558,120,97,33,89,0.073,87,0,0.0,0.0,0.0,0,0,0
2025-06-30,2025,6,0,0,0,58,18,2,59.0,198.7,1800,1569,120,94,42,111,0.075,77,0,0.0,0.0,0.0,0,0,0
2025-07-01,2025,7,1,0,0,62,16,2,47.5,156.2,1800,1550,120,84,40,107,0.109,85,0,0.0,0.0,0.0,0,0,0
2025-07-02,2025,7,2,0,0,54,17,2,52.3,168.2,1800,1506,120,98,41,109,0.093,90,0,0.0,0.0,0.0,0,0,0
2025-07-03,2025,7,3,0,0,51,14,1,60.3,188.5,1800,1510,120,97,39,105,0.124,85,0,0.0,0.0,0.0,0,0,0
2025-07-04,2025,7,4,0,0,56,18,0,52.0,160.9,1800,1496,120,94,41,110,0.085,76,0,0.0,0.0,0.0,0,0,0
2025-07-05,2025,7,5,1,0,52,12,1,71.1,247.3,1800,1661,120,91,33,89,0.072,89,0,0.0,0.0,0.0,0,0,0
2025-07-06,2025,7,6,1,0,52,15,1,80.8,202.3,1800,1549,120,91,34,89,0.068,85,0,0.0,0.0,0.0,0,0,0
2025-07-07,2025,7,0,0,0,64,16,2,59.6,166.1,1800,1494,120,90,43,115,0.043,82,0,0.0,0.0,0.0,0,0,0
2025-07-08,2025,7,1,0,0,57,20,0,66.0,168.3,1800,1544,120,94,42,111,0.074,85,0,0.0,0.0,0.0,0,0,0
2025-07-09,2025,7,2,0,0,54,17,0,60.7,163.9,1800,1465,120,90,40,108,0.103,88,0,0.0,0.0,0.0,0,0,0
2025-07-10,2025,7,3,0,0,49,12,3,83.9,197.3,1800,1600,120,85,41,109,0.092,82,0,0.0,0.0,0.0,0,0,0
2025-07-11,2025,7,4,0,0,53,14,1,54.8,200.2,1800,1484,120,84,41,110,0.08,83,0,0.0,0.0,0.0,0,0,0
2025-07-12,2025,7,5,1,0,64,20,2,73.9,186.7,1800,1546,120,85,34,90,0.06,82,0,0.0,0.0,0.0,0,0,0
2025-07-13,2025,7,6,1,0,60,13,1,74.4,209.4,1800,1577,120,91,33,88,0.085,76,0,0.0,0.0,0.0,0,0,0
2025-07-14,2025,7,0,0,1,65,19,3,69.6,179.9,1800,1540,120,90,30,81,0.1,87,0,0.0,0.0,0.0,0,0,0
2025-07-15,2025,7,1,0,0,56,16,4,68.7,200.6,1800,1524,120,91,41,109,0.089,77,0,0.0,0.0,0.0,0,0,0
2025-07-16,2025,7,2,0,0,60,19,0,66.6,183.2,1800,1520,120,93,41,110,0.083,81,0,0.0,0.0,0.0,1,0,0
2025-07-17,2025,7,3,0,0,53,15,0,73.6,171.8,1800,1516,120,86,42,112,0.064,81,0,0.0,0.0,0.0,1,0,0
2025-07-18,2025,7,4,0,0,62,19,0,44.2,160.7,1800,1488,120,99,41,108,0.097,79,0,0.0,0.0,0.0,1,0,0
2025-07-19,2025,7,5,1,0,70,28,0,69.3,188.2,1800,1495,120,88,35,94,0.017,81,0,0.0,0.0,0.0,1,0,0
2025-07-20,2025,7,6,1,0,62,17,0,81.1,214.5,1800,1599,120,87,33,88,0.088,84,0,0.0,0.0,0.0,1,0,0
2025-07-21,2025,7,0,0,0,69,22,2,54.2,136.3,1800,1513,120,93,39,104,0.131,80,0,0.0,0.0,0.0,1,0,0
2025-07-22,2025,7,1,0,0,62,20,1,61.5,154.9,1800,1477,120,79,43,114,0.05,78,0,0.0,0.0,0.0,1,0,0
2025-07-23,2025,7,2,0,0,58,24,1,69.0,210.1,1800,1491,120,85,42,111,0.075,88,0,0.0,0.0,0.0,1,0,0
2025-07-24,2025,7,3,0,0,59,11,5,57.3,204.3,1800,1579,120,96,41,110,0.08,90,0,0.0,0.0,0.0,1,0,0
2025-07-25,2025,7,4,0,0,55,16,1,42.5,181.6,1800,1556,120,80,42,112,0.071,82,0,0.0,0.0,0.0,1,0,0
2025-07-26,2025,7,5,1,0,69,25,2,80.1,199.3,1800,1549,120,97,32,86,0.101,80,0,0.0,0.0,0.0,1,0,0
2025-07-27,2025,7,6,1,0,70,20,2,85.5,179.7,1800,1505,120,99,33,87,0.089,76,0,0.0,0.0,0.0,1,0,0
2025-07-28,2025,7,0,0,0,70,25,2,93.5,221.6,1800,1550,120,88,41,110,0.083,76,0,0.0,0.0,0.0,1,0,0
2025-07-29,2025,7,1,0,0,58,16,3,33.3,142.5,1800,1484,120,92,41,108,0.096,81,0,0.0,0.0,0.0,1,0,0
2025-07-30,2025,7,2,0,0,50,16,0,52.3,132.3,1800,1505,120,97,41,110,0.08,89,0,0.0,0.0,0.0,0,0,0
2025-07-31,2025,7,3,0,0,55,18,1,72.3,174.7,1800,1572,120,87,39,103,0.144,86,0,0.0,0.0,0.0,0,0,0
2025-08-01,2025,8,4,0,0,45,12,1,47.7,151.6,1800,1564,120,95,41,110,0.083,80,0,0.0,0.0,0.0,0,0,0
2025-08-02,2025,8,5,1,0,54,17,2,69.9,157.1,1800,1463,120,86,33,88,0.084,90,0,0.0,0.0,0.0,0,0,0
2025-08-03,2025,8,6,1,0,53,15,2,73.9,186.4,1800,1470,120,87,34,92,0.046,81,0,0.0,0.0,0.0,0,0,0
2025-08-04,2025,8,0,0,0,62,21,1,62.5,193.8,1800,1522,120,85,42,112,0.069,79,0,0.0,0.0,0.0,0,0,0
2025-08-05,2025,8,1,0,0,53,19,1,64.3,201.2,1800,1610,120,92,40,108,0.103,81,0,0.0,0.0,0.0,0,0,0
2025-08-06,2025,8,2,0,0,53,15,1,54.6,168.0,1800,1413,120,97,43,114,0.053,78,0,0.0,0.0,0.0,0,0,0
2025-08-07,2025,8,3,0,0,51,14,1,74.0,185.7,1800,1532,120,89,43,116,0.037,88,0,0.0,0.0,0.0,0,0,0
2025-08-08,2025,8,4,0,0,57,19,1,44.3,146.9,1800,1442,120,82,41,110,0.081,80,0,0.0,0.0,0.0,0,0,0
2025-08-09,2025,8,5,1,0,55,17,1,75.9,181.3,1800,1482,120,84,32,86,0.107,85,0,0.0,0.0,0.0,0,0,0
2025-08-10,2025,8,6,1,0,57,21,4,110.5,214.3,1800,1497,120,92,33,88,0.081,81,0,0.0,0.0,0.0,0,0,0
2025-08-11,2025,8,0,0,0,56,22,1,51.7,124.8,1800,1494,120,101,42,111,0.073,89,0,0.0,0.0,0.0,0,0,0
2025-08-12,2025,8,1,0,0,58,19,2,57.1,182.8,1800,1488,120,92,43,115,0.043,85,0,0.0,0.0,0.0,0,0,0
2025-08-13,2025,8,2,0,0,50,11,3,62.7,186.3,1800,1517,120,88,41,109,0.089,82,0,0.0,0.0,0.0,0,0,0
2025-08-14,2025,8,3,0,0,49,13,0,58.2,185.0,1800,1488,120,95,41,109,0.093,77,0,0.0,0.0,0.0,0,0,0
2025-08-15,2025,8,4,0,1,54,18,1,49.0,158.9,1800,1438,120,89,32,86,0.044,89,0,0.0,0.0,0.0,0,0,0
2025-08-16,2025,8,5,1,0,52,15,0,63.1,172.6,1800,1559,120,88,32,86,0.103,83,0,0.0,0.0,0.0,0,0,0
2025-08-17,2025,8,6,1,0,57,22,2,86.2,208.3,1800,1557,120,84,33,87,0.095,79,0,0.0,0.0,0.0,0,0,0
2025-08-18,2025,8,0,0,0,63,18,3,75.4,194.2,1800,1562,120,98,40,108,0.103,88,0,0.0,0.0,0.0,0,0,0
2025-08-19,2025,8,1,0,0,56,14,1,46.4,180.3,1800,1433,120,75,41,109,0.092,76,0,0.0,0.0,0.0,0,0,0
2025-08-20,2025,8,2,0,0,48,15,1,78.8,182.5,1800,1533,120,95,41,109,0.093,80,0,0.0,0.0,0.0,0,0,0
2025-08-21,2025,8,3,0,0,50,11,2,67.1,176.8,1800,1553,120,87,41,109,0.09,83,0,0.0,0.0,0.0,0,0,0
2025-08-22,2025,8,4,0,0,54,19,0,58.5,181.7,1800,1461,120,88,41,108,0.097,80,0,0.0,0.0,0.0,0,0,0
2025-08-23,2025,8,5,1,0,51,15,2,71.6,209.7,1800,1517,120,100,34,92,0.044,82,0,0.0,0.0,0.0,0,0,0
2025-08-24,2025,8,6,1,0,53,13,2,77.8,193.0,1800,1510,120,86,34,91,0.05,79,0,0.0,0.0,0.0,0,0,0
2025-08-25,2025,8,0,0,0,63,17,1,74.7,195.8,1800,1616,120,86,42,112,0.065,77,0,0.0,0.0,0.0,0,0,0
2025-08-26,2025,8,1,0,0,56,17,0,51.0,193.1,1800,1620,120,89,42,111,0.077,76,0,0.0,0.0,0.0,0,0,0
2025-08-27,2025,8,2,0,0,53,14,0,57.9,161.8,1800,1427,120,92,41,109,0.088,77,0,0.0,0.0,0.0,0,0,0
2025-08-28,2025,8,3,0,0,55,14,1,70.0,234.5,1800,1651,120,87,41,110,0.086,89,0,0.0,0.0,0.0,0,0,0
2025-08-29,2025,8,4,0,0,53,12,3,66.9,185.1,1800,1467,120,81,40,108,0.102,84,0,0.0,0.0,0.0,0,0,0
2025-08-30,2025,8,5,1,0,58,19,3,72.5,167.7,1800,1569,120,85,32,86,0.103,82,0,0.0,0.0,0.0,0,0,0
2025-08-31,2025,8,6,1,0,64,14,3,96.9,185.8,1800,1569,120,98,34,90,0.063,81,0,0.0,0.0,0.0,0,0,0
2025-09-01,2025,9,0,0,0,64,25,0,62.1,171.5,1800,1469,120,90,41,110,0.085,86,0,0.0,0.0,0.0,0,0,0
2025-09-02,2025,9,1,0,0,58,26,4,70.2,201.1,1800,1549,120,93,42,112,0.063,77,0,0.0,0.0,0.0,0,0,0
2025-09-03,2025,9,2,0,0,57,15,3,61.6,165.2,1800,1517,120,88,42,111,0.076,79,0,0.0,0.0,0.0,0,0,0
2025-09-04,2025,9,3,0,0,55,21,3,58.8,170.1,1800,1553,120,86,41,110,0.086,85,0,0.0,0.0,0.0,0,0,0
2025-09-05,2025,9,4,0,0,55,14,1,46.1,163.4,1800,1535,120,100,44,119,0.012,82,0,0.0,0.0,0.0,0,0,0
2025-09-06,2025,9,5,1,0,57,20,2,77.4,199.7,1800,1587,120,89,31,84,0.128,87,0,0.0,0.0,0.0,0,0,0
2025-09-07,2025,9,6,1,0,67,23,4,84.3,194.7,1800,1527,120,87,33,87,0.091,88,0,0.0,0.0,0.0,0,0,0
2025-09-08,2025,9,0,0,0,66,19,1,49.8,143.0,1800,1514,120,97,42,112,0.068,87,0,0.0,0.0,0.0,0,0,0
2025-09-09,2025,9,1,0,0,58,20,1,48.3,178.8,1800,1582,120,86,40,106,0.119,78,0,0.0,0.0,0.0,0,0,0
2025-09-10,2025,9,2,0,0,59,16,1,53.3,177.6,1800,1554,120,86,42,111,0.073,76,0,0.0,0.0,0.0,0,0,0
2025-09-11,2025,9,3,0,0,54,14,1,85.5,180.5,1800,1562,120,90,41,110,0.083,78,0,0.0,0.0,0.0,0,0,0
2025-09-12,2025,9,4,0,0,55,26,1,72.9,195.6,1800,1487,120,90,42,112,0.07,87,0,0.0,0.0,0.0,0,0,0
2025-09-13,2025,9,5,1,0,62,23,1,76.9,175.2,1800,1466,120,92,32,85,0.113,89,0,0.0,0.0,0.0,0,0,0
2025-09-14,2025,9,6,1,0,56,14,0,64.3,174.6,1800,1492,120,103,33,89,0.078,89,0,0.0,0.0,0.0,0,0,0
2025-09-15,2025,9,0,0,0,66,22,2,55.7,151.9,1800,1489,120,92,41,110,0.083,79,0,0.0,0.0,0.0,0,0,0
2025-09-16,2025,9,1,0,0,66,22,2,67.2,198.5,1800,1565,120,76,40,108,0.104,88,0,0.0,0.0,0.0,0,0,0
2025-09-17,2025,9,2,0,0,57,22,2,65.8,172.9,1800,1576,120,92,41,109,0.092,83,0,0.0,0.0,0.0,0,0,0
2025-09-18,2025,9,3,0,0,53,10,3,59.0,168.8,1800,1514,120,90,41,111,0.079,87,0,0.0,0.0,0.0,0,0,0
2025-09-19,2025,9,4,0,0,55,12,3,87.3,207.9,1800,1600,120,90,40,108,0.102,83,0,0.0,0.0,0.0,0,0,0
2025-09-20,2025,9,5,1,0,59,19,3,71.7,214.4,1800,1597,120,91,31,83,0.131,77,0,0.0,0.0,0.0,0,0,0
2025-09-21,2025,9,6,1,0,59,10,2,105.2,205.2,1800,1536,120,90,33,88,0.086,76,0,0.0,0.0,0.0,0,0,0
2025-09-22,2025,9,0,0,0,64,18,1,53.1,140.5,1800,1478,120,90,41,110,0.082,89,0,0.0,0.0,0.0,0,0,0
2025-09-23,2025,9,1,0,0,63,14,3,69.5,186.9,1800,1608,120,94,41,110,0.083,81,0,0.0,0.0,0.0,0,0,0
2025-09-24,2025,9,2,0,0,50,14,0,57.1,160.2,1800,1520,120,87,40,107,0.106,80,0,0.0,0.0,0.0,0,0,0
2025-09-25,2025,9,3,0,0,56,12,3,69.9,175.0,1800,1530,120,84,42,112,0.068,80,0,0.0,0.0,0.0,0,0,0
2025-09-26,2025,9,4,0,0,55,15,1,71.7,164.0,1800,1504,120,108,42,111,0.074,81,0,0.0,0.0,0.0,0,0,0
2025-09-27,2025,9,5,1,0,61,13,5,69.2,189.4,1800,1475,120,86,34,91,0.049,89,0,0.0,0.0,0.0,0,0,0
2025-09-28,2025,9,6,1,0,57,17,0,64.3,193.5,1800,1443,120,91,34,91,0.056,76,0,0.0,0.0,0.0,0,0,0
2025-09-29,2025,9,0,0,0,69,27,0,61.4,160.5,1800,1557,120,81,42,112,0.07,77,0,0.0,0.0,0.0,0,0,0
2025-09-30,2025,9,1,0,0,64,16,4,64.2,168.7,1800,1480,120,91,41,111,0.079,87,0,0.0,0.0,0.0,0,0,0
2025-10-01,2025,10,2,0,0,64,17,2,69.3,206.5,1800,1695,120,84,40,106,0.115,83,0,0.0,0.0,0.0,0,0,0
2025-10-02,2025,10,3,0,0,55,16,1,69.6,173.9,1800,1471,120,87,41,109,0.091,77,0,0.0,0.0,0.0,0,0,0
2025-10-03,2025,10,4,0,0,64,17,1,42.6,154.3,1800,1462,120,96,42,113,0.062,76,0,0.0,0.0,0.0,0,0,0
2025-10-04,2025,10,5,1,0,67,15,3,76.5,218.4,1800,1558,120,93,34,90,0.065,78,0,0.0,0.0,0.0,0,0,0
2025-10-05,2025,10,6,1,0,61,16,4,90.2,221.6,1800,1613,120,93,32,86,0.107,79,0,0.0,0.0,0.0,0,0,0
2025-10-06,2025,10,0,0,0,70,20,0,55.0,181.4,1800,1533,120,79,40,108,0.103,75,0,0.0,0.0,0.0,0,0,0
2025-10-07,2025,10,1,0,0,66,19,1,45.8,189.2,1800,1561,120,101,41,110,0.081,78,0,0.0,0.0,0.0,0,0,0
2025-10-08,2025,10,2,0,0,63,21,1,52.9,149.3,1800,1430,120,83,42,111,0.071,86,0,0.0,0.0,0.0,0,0,0
2025-10-09,2025,10,3,0,0,60,19,2,57.2,183.9,1800,1493,120,99,40,108,0.102,88,0,0.0,0.0,0.0,0,0,0
2025-10-10,2025,10,4,0,0,62,19,1,60.6,178.1,1800,1472,120,96,42,113,0.06,88,0,0.0,0.0,0.0,0,0,0
2025-10-11,2025,10,5,1,0,71,22,0,80.4,214.2,1800,1428,120,93,33,88,0.088,81,0,0.0,0.0,0.0,0,0,0
2025-10-12,2025,10,6,1,0,70,19,1,70.6,197.2,1800,1536,120,85,31,84,0.125,80,0,0.0,0.0,0.0,0,0,0
2025-10-13,2025,10,0,0,0,60,13,2,53.1,151.4,1800,1409,120,91,41,110,0.084,90,0,0.0,0.0,0.0,0,0,0
2025-10-14,2025,10,1,0,0,64,17,4,54.9,137.6,1800,1459,120,87,42,112,0.064,87,0,0.0,0.0,0.0,0,0,0
2025-10-15,2025,10,2,0,0,61,18,2,66.7,164.0,1800,1515,120,92,41,109,0.094,83,0,0.0,0.258,0.0,0,0,0
2025-10-16,2025,10,3,0,0,55,13,0,52.1,145.2,1800,1500,120,90,42,111,0.077,78,0,0.0,0.271,0.0,0,0,0
2025-10-17,2025,10,4,0,0,62,20,0,46.4,162.5,1800,1567,120,80,42,113,0.059,79,0,0.0,0.285,0.0,0,0,0
2025-10-18,2025,10,5,1,0,72,26,0,67.4,227.6,1800,1563,120,99,32,86,0.101,82,0,0.0,0.299,0.0,0,0,0
2025-10-19,2025,10,6,1,0,64,20,3,110.3,231.2,1800,1595,120,92,32,85,0.11,82,0,0.0,0.314,0.0,0,0,0
2025-10-20,2025,10,0,0,0,73,26,3,63.2,184.5,1800,1588,120,89,41,110,0.082,74,0,0.0,0.328,0.0,0,0,0
2025-10-21,2025,10,1,0,0,64,15,3,74.1,195.4,1800,1610,120,89,41,110,0.081,88,0,0.0,0.343,0.0,0,0,0
2025-10-22,2025,10,2,0,0,61,15,2,59.3,200.6,1800,1549,120,95,42,112,0.069,82,0,0.0,0.358,0.0,0,0,0
2025-10-23,2025,10,3,0,0,66,21,1,67.8,193.5,1800,1567,120,87,41,110,0.086,82,0,0.0,0.374,0.0,0,0,0
2025-10-24,2025,10,4,0,0,61,23,3,48.6,177.6,1800,1579,120,79,41,111,0.078,76,0,0.0,0.389,0.0,0,0,0
2025-10-25,2025,10,5,1,0,70,22,2,91.4,193.0,1800,1560,120,95,33,89,0.069,84,0,0.0,0.405,0.0,0,0,0
2025-10-26,2025,10,6,1,0,62,21,1,75.4,173.6,1800,1531,120,96,31,84,0.128,83,0,0.0,0.42,0.0,0,0,0
2025-10-27,2025,10,0,0,0,80,27,1,53.4,165.5,1800,1536,120,92,41,108,0.1,74,0,0.0,0.436,0.0,0,0,0
2025-10-28,2025,10,1,0,0,70,14,3,85.8,198.9,1800,1510,120,86,40,108,0.102,81,0,0.0,0.451,0.0,0,0,0
2025-10-29,2025,10,2,0,0,62,21,4,81.7,210.0,1800,1578,120,94,40,107,0.109,82,0,0.0,0.467,0.0,0,0,0
2025-10-30,2025,10,3,0,0,63,16,4,84.5,182.8,1800,1551,120,85,40,107,0.107,84,0,0.0,0.482,0.0,0,0,0
2025-10-31,2025,10,4,0,0,58,22,2,61.0,175.7,1800,1521,120,87,41,110,0.084,75,0,0.0,0.497,0.0,0,0,0
2025-11-01,2025,11,5,1,1,84,17,1,83.3,201.8,1800,1531,120,89,22,60,0.098,84,0,0.0,0.512,0.0,0,0,0
2025-11-02,2025,11,6,1,0,75,35,1,77.7,206.6,1800,1502,120,99,33,88,0.087,78,0,0.0,0.527,0.0,0,0,0
2025-11-03,2025,11,0,0,0,80,24,2,55.8,174.8,1800,1621,120,92,40,108,0.102,72,0,0.0,0.542,0.0,0,0,0
2025-11-04,2025,11,1,0,0,73,15,0,57.0,177.1,1800,1573,120,91,40,108,0.1,72,0,0.0,0.556,0.0,0,0,0
2025-11-05,2025,11,2,0,0,68,20,3,55.5,147.3,1800,1523,120,106,41,110,0.086,74,0,0.0,0.569,0.0,0,0,0
2025-11-06,2025,11,3,0,0,69,15,0,59.9,202.9,1800,1614,120,96,42,112,0.067,75,0,0.0,0.583,0.0,0,0,0
2025-11-07,2025,11,4,0,0,71,19,0,64.5,197.9,1800,1541,120,96,41,108,0.097,78,0,0.0,0.595,0.0,0,0,0
2025-11-08,2025,11,5,1,0,78,19,2,65.1,209.9,1800,1496,120,92,33,87,0.09,82,0,0.0,0.607,0.0,0,0,0
2025-11-09,2025,11,6,1,0,76,24,1,77.5,200.5,1800,1628,120,91,34,91,0.057,73,0,0.0,0.619,0.0,0,0,0
2025-11-10,2025,11,0,0,0,84,23,2,68.3,178.3,1800,1544,120,81,40,107,0.105,85,0,0.0,0.63,0.0,0,0,0
2025-11-11,2025,11,1,0,1,78,20,1,57.7,164.8,1800,1551,120,100,30,80,0.115,72,0,0.0,0.64,0.0,0,0,0
2025-11-12,2025,11,2,0,0,79,20,1,59.2,166.2,1800,1576,120,97,38,102,0.146,79,0,0.0,0.65,0.0,0,0,0
2025-11-13,2025,11,3,0,0,63,10,2,67.0,166.4,1800,1636,120,94,41,109,0.088,84,0,0.0,0.659,0.0,0,0,0
2025-11-14,2025,11,4,0,0,75,10,1,82.1,190.6,1800,1576,120,94,41,110,0.085,82,0,0.0,0.667,0.0,0,0,0
2025-11-15,2025,11,5,1,0,82,27,3,86.9,209.8,1800,1511,120,99,33,89,0.074,79,0,0.0,0.674,0.0,0,0,0
2025-11-16,2025,11,6,1,0,74,28,3,103.0,214.0,1800,1605,120,86,32,86,0.101,80,0,0.0,0.68,0.0,0,0,0
2025-11-17,2025,11,0,0,0,91,27,1,71.8,195.2,1800,1550,120,91,40,108,0.101,71,0,0.0,0.686,0.0,0,0,0
2025-11-18,2025,11,1,0,0,80,22,2,73.2,226.3,1800,1678,120,88,41,110,0.08,69,0,0.0,0.691,0.0,0,0,0
2025-11-19,2025,11,2,0,0,74,22,1,81.3,186.7,1800,1576,120,106,41,109,0.093,76,0,0.0,0.694,0.0,0,0,0
2025-11-20,2025,11,3,0,0,69,20,1,59.1,157.1,1800,1456,120,100,42,113,0.057,70,0,0.0,0.697,0.0,0,0,0
2025-11-21,2025,11,4,0,0,70,17,1,89.0,199.4,1800,1596,120,82,40,106,0.115,74,0,0.0,0.699,0.0,0,0,0
2025-11-22,2025,11,5,1,0,76,14,3,93.3,217.4,1800,1682,120,86,33,88,0.081,72,0,0.0,0.7,0.0,0,0,0
2025-11-23,2025,11,6,1,0,79,23,3,89.9,233.1,1800,1662,120,94,33,87,0.096,83,0,0.0,0.7,0.0,0,0,0
2025-11-24,2025,11,0,0,0,88,25,3,93.4,213.6,1800,1676,120,92,42,112,0.068,82,0,0.0,0.699,0.0,0,0,0
2025-11-25,2025,11,1,0,0,77,23,0,55.0,157.9,1800,1522,120,87,41,110,0.085,81,0,0.0,0.697,0.0,0,0,0
2025-11-26,2025,11,2,0,0,68,21,0,59.0,193.9,1800,1626,120,107,41,109,0.091,80,0,0.0,0.694,0.0,0,0,0
2025-11-27,2025,11,3,0,0,72,19,2,69.8,190.7,1800,1537,120,97,41,108,0.096,71,0,0.0,0.691,0.0,0,0,0
2025-11-28,2025,11,4,0,0,74,17,6,77.8,203.0,1800,1588,120,98,40,107,0.106,69,0,0.0,0.686,0.0,0,0,0
2025-11-29,2025,11,5,1,0,80,23,3,71.8,182.7,1800,1507,120,91,31,84,0.125,79,0,0.0,0.68,0.0,0,0,0
2025-11-30,2025,11,6,1,0,80,25,2,66.4,169.1,1800,1541,120,99,32,85,0.111,78,0,0.0,0.674,0.0,0,0,0
2025-12-01,2025,12,0,0,0,98,35,3,61.4,190.1,1800,1572,120,95,39,105,0.122,74,0,0.221,0.667,0.0,0,0,0
2025-12-02,2025,12,1,0,0,88,21,1,64.7,187.8,1800,1659,120,95,39,104,0.133,75,0,0.251,0.659,0.0,0,0,0
2025-12-03,2025,12,2,0,0,82,31,2,83.5,211.9,1800,1656,120,101,40,106,0.116,76,0,0.283,0.65,0.0,0,0,0
2025-12-04,2025,12,3,0,0,77,26,5,97.3,203.1,1800,1629,120,88,40,107,0.105,72,0,0.316,0.64,0.0,0,0,0
2025-12-05,2025,12,4,0,0,88,25,2,55.1,197.8,1800,1543,120,107,39,105,0.127,72,0,0.35,0.63,0.0,0,0,0
2025-12-06,2025,12,5,1,0,94,32,5,83.3,187.2,1800,1601,120,99,31,84,0.129,74,0,0.385,0.619,0.0,0,0,0
2025-12-07,2025,12,6,1,0,92,29,2,90.4,197.3,1800,1580,120,106,32,84,0.121,76,0,0.419,0.607,0.0,0,0,0
2025-12-08,2025,12,0,0,0,86,19,1,73.1,193.3,1800,1669,120,92,41,110,0.08,81,0,0.451,0.595,0.0,0,0,0
2025-12-09,2025,12,1,0,0,88,21,1,85.6,213.8,1800,1687,120,93,41,109,0.093,75,0,0.483,0.583,0.0,0,0,0
2025-12-10,2025,12,2,0,0,93,18,1,75.0,213.6,1800,1682,120,92,40,107,0.105,77,0,0.511,0.569,0.0,0,0,0
2025-12-11,2025,12,3,0,0,82,30,1,77.3,178.5,1800,1585,120,101,39,105,0.126,78,0,0.537,0.556,0.0,0,0,0
2025-12-12,2025,12,4,0,0,90,18,6,69.3,157.7,1800,1479,120,100,40,107,0.11,67,0,0.559,0.542,0.0,0,0,0
2025-12-13,2025,12,5,1,0,88,29,2,86.6,225.9,1800,1532,120,97,31,83,0.134,75,0,0.576,0.527,0.0,0,0,0
2025-12-14,2025,12,6,1,0,102,21,5,100.7,240.0,1800,1704,120,93,31,83,0.137,72,0,0.589,0.512,0.0,0,0,0
2025-12-15,2025,12,0,0,0,101,27,4,69.9,211.5,1800,1605,120,92,39,104,0.135,73,0,0.597,0.497,0.0,0,0,0
2025-12-16,2025,12,1,0,0,95,34,1,63.2,169.4,1800,1586,120,99,39,104,0.135,65,0,0.6,0.482,0.0,0,0,0
2025-12-17,2025,12,2,0,0,98,23,2,78.0,209.1,1800,1714,120,96,41,109,0.09,78,0,0.597,0.467,0.0,0,0,0
2025-12-18,2025,12,3,0,0,91,29,3,86.6,213.0,1800,1692,120,95,40,106,0.119,78,0,0.589,0.451,0.0,0,0,0
2025-12-19,2025,12,4,0,0,86,25,2,77.7,197.5,1800,1623,120,108,41,108,0.097,64,0,0.576,0.436,0.0,0,0,0
2025-12-20,2025,12,5,1,0,91,27,3,75.6,189.1,1800,1604,120,98,33,89,0.075,67,0,0.559,0.42,0.0,0,0,0
2025-12-21,2025,12,6,1,0,92,29,4,80.7,172.4,1800,1610,120,106,32,86,0.101,67,0,0.537,0.405,0.0,0,0,0
2025-12-22,2025,12,0,0,0,103,32,1,104.0,217.2,1800,1627,120,95,39,104,0.132,76,0,0.511,0.389,0.0,0,0,0
2025-12-23,2025,12,1,0,0,92,19,3,87.4,211.8,1800,1698,120,99,40,106,0.114,73,0,0.483,0.374,0.0,0,0,0
2025-12-24,2025,12,2,0,0,84,19,2,90.8,205.6,1800,1632,120,97,39,103,0.143,67,0,0.451,0.358,0.0,0,0,0
2025-12-25,2025,12,3,0,1,93,27,3,67.1,193.4,1800,1645,120,86,30,81,0.105,77,0,0.419,0.343,0.0,0,0,0
2025-12-26,2025,12,4,0,0,85,19,3,69.5,211.2,1800,1666,120,105,38,102,0.149,70,0,0.385,0.328,0.0,0,0,0
2025-12-27,2025,12,5,1,0,101,30,4,99.1,200.1,1800,1536,120,95,32,86,0.102,72,0,0.35,0.314,0.0,0,0,0
2025-12-28,2025,12,6,1,0,91,26,2,84.3,205.8,1800,1637,120,100,32,87,0.098,71,0,0.316,0.299,0.0,0,0,0
2025-12-29,2025,12,0,0,0,106,36,1,57.4,170.3,1800,1577,120,90,42,112,0.07,74,0,0.283,0.285,0.0,0,0,0
2025-12-30,2025,12,1,0,0,91,30,2,70.0,155.2,1800,1454,120,93,40,106,0.117,73,0,0.251,0.271,0.0,0,0,0
2025-12-31,2025,12,2,0,0,87,33,2,56.9,151.1,1800,1472,120,89,41,110,0.083,71,0,0.221,0.258,0.0,0,0,0
